Postal Code,Commune Name,Longitude Commune,Latitude Commune,Province,Region
1000,Bruxelles,4.351697,50.8465573,Brussels,Brussels
1020,Laeken,4.3487134,50.883392,Brussels,Brussels
1030,Schaerbeek,4.3737121,50.8676041,Brussels,Brussels
1040,Etterbeek,4.3895104,50.8368511,Brussels,Brussels
1050,Ixelles,4.3815707,50.8222854,Brussels,Brussels
1060,Saint-Gilles,4.345668,50.8267409,Brussels,Brussels
1070,Anderlecht,4.3123401,50.8381411,Brussels,Brussels
1080,Molenbeek-Saint-Jean,4.3227779,50.8543551,Brussels,Brussels
1081,Koekelberg,4.3257084,50.8622633,Brussels,Brussels
1082,Berchem-Sainte-Agathe,4.292702,50.8639835,Brussels,Brussels
1083,Ganshoren,4.3175103,50.8712396,Brussels,Brussels
1090,Jette,4.3260903,50.8777634,Brussels,Brussels
1120,Neder-Over-Heembeek,4.3904888684211,50.89779605,Brussels,Brussels
1130,Haren,4.4125708732431,50.8919661,Brussels,Brussels
1140,Evere,4.4021602,50.8704524,Brussels,Brussels
1150,Woluwe-Saint-Pierre,4.4432967,50.8292429,Brussels,Brussels
1160,Auderghem,4.4331389,50.8156571,Brussels,Brussels
1170,Watermael-Boitsfort,4.4158177,50.799394,Brussels,Brussels
1180,Uccle,4.3372348,50.8018201,Brussels,Brussels
1190,Forest,4.3177512,50.8091426,Brussels,Brussels
1200,Woluwe-Saint-Lambert,4.4284842,50.8466928,Brussels,Brussels
1210,Saint-Josse-Ten-Noode,4.3723364,50.8530739,Brussels,Brussels
1300,Limal / Wavre,4.590816950000001,50.7047158,Walloon Brabant,Wallonia
1301,Bierges,4.5894025,50.7111796,Walloon Brabant,Wallonia
1310,La Hulpe,4.4796542,50.7315053,Walloon Brabant,Wallonia
1315,Glimes / Incourt / Opprebais / Piètrebais / Roux-Miroir,4.79226268,50.698647040000004,Walloon Brabant,Wallonia
1320,Beauvechain / Hamme-Mille / L'ecluse / Nodebais / Tourinnes-La-Grosse,4.76106858,50.77699636,Walloon Brabant,Wallonia
1325,Bonlez / Chaumont-Gistoux / Corroy-Le-Grand / Dion-Valmont / Longueville,4.69249482,50.6932308,Walloon Brabant,Wallonia
1330,Rixensart,4.5272896887008,50.7133548,Walloon Brabant,Wallonia
1331,Rosières,4.5463113019639,50.73713045,Walloon Brabant,Wallonia
1332,Genval,4.4971389344121,50.72074495,Walloon Brabant,Wallonia
1340,Ottignies / Ottignies-Louvain-La-Neuve,4.57477198506515,50.66951475,Walloon Brabant,Wallonia
1341,Céroux-Mousty,4.5291742660159,50.6625713,Walloon Brabant,Wallonia
1342,Limelette,4.5549022761211,50.6851551,Walloon Brabant,Wallonia
1348,Louvain-La-Neuve,4.6141567317211,50.6741689,Walloon Brabant,Wallonia
1350,Enines / Folx-Les-Caves / Jandrain-Jandrenouille / Jauche / Marilles / Noduwez / Orp-Jauche / Orp-Le-Grand,4.96185425,50.693901475000004,Walloon Brabant,Wallonia
1357,Hélécine / Linsmeau / Neerheylissem / Opheylissem,4.988087475,50.747065975,Walloon Brabant,Wallonia
1360,Malèves-Sainte-Marie-Wastines / Orbais / Perwez / Thorembais-Les-Béguines / Thorembais-Saint-Trond,4.79179184,50.64234232,Walloon Brabant,Wallonia
1367,Autre-Eglise / Bomal / Gérompont / Grand-Rosière-Hottomont / Huppaye / Mont-Saint-André / Ramillies,4.888186042857143,50.656304385714286,Walloon Brabant,Wallonia
1370,Dongelberg / Jauchelette / Jodoigne / Jodoigne-Souveraine / Lathuy / Mélin / Piétrain / Saint-Jean-Geest / Saint-Remy-Geest / Zétrud-Lumay,4.85841451,50.72528074,Walloon Brabant,Wallonia
1380,Couture-Saint-Germain / Lasne / Lasne-Chapelle-Saint-Lambert / Maransart / Ohain / Plancenoit,4.46587223910885,50.675892258333334,Walloon Brabant,Wallonia
1390,Archennes / Biez / Bossut-Gottechain / Grez-Doiceau / Nethen,4.68851654699142,50.75247631,Walloon Brabant,Wallonia
1400,Monstreux / Nivelles,4.3089654050103,50.591161825,Walloon Brabant,Wallonia
1401,Baulers,4.3586482570372,50.6172472,Walloon Brabant,Wallonia
1402,Thines,4.3825954093731,50.58678735,Walloon Brabant,Wallonia
1404,Bornival,4.2649262209555,50.6048658,Walloon Brabant,Wallonia
1410,Waterloo,4.3978047,50.7173563,Walloon Brabant,Wallonia
1420,Braine-L'alleud,4.3548145440335,50.6940942,Walloon Brabant,Wallonia
1421,Ophain-Bois-Seigneur-Isaac,4.3507902353934,50.65630215,Walloon Brabant,Wallonia
1428,Lillois-Witterzée,4.3670582,50.6483743,Walloon Brabant,Wallonia
1430,Bierghes / Quenast / Rebecq / Rebecq-Rognon,4.13900052217,50.676658425,Walloon Brabant,Wallonia
1435,Corbais / Hévillers / Mont-Saint-Guibert,4.6234359021312,50.635940233333336,Walloon Brabant,Wallonia
1440,Braine-Le-Château / Wauthier-Braine,4.28998635317935,50.680856750000004,Walloon Brabant,Wallonia
1450,Chastre / Chastre-Villeroux-Blanmont / Cortil-Noirmont / Gentinnes / Saint-Géry,4.62563179075132,50.593104520000004,Walloon Brabant,Wallonia
1457,Nil-Saint-Vincent-Saint-Martin / Tourinnes-Saint-Lambert / Walhain / Walhain-Saint-Paul,4.696710875,50.62883145,Walloon Brabant,Wallonia
1460,Ittre / Virginal-Samme,4.2405717540812,50.6438385,Walloon Brabant,Wallonia
1461,Haut-Ittre,4.2964719513591,50.6488039,Walloon Brabant,Wallonia
1470,Baisy-Thy / Bousval / Genappe,4.4850757394364,50.61469386666666,Walloon Brabant,Wallonia
1471,Loupoigne,4.4319644959116,50.5929226,Walloon Brabant,Wallonia
1472,Vieux-Genappe,4.4015030981612,50.62902485,Walloon Brabant,Wallonia
1473,Glabais,4.4464886939844,50.63691535,Walloon Brabant,Wallonia
1474,Ways,4.4729429472611,50.6269861,Walloon Brabant,Wallonia
1476,Houtain-Le-Val,4.4110339517433,50.5762935,Walloon Brabant,Wallonia
1480,Clabecq / Oisquercq / Saintes / Tubize,4.20073944644615,50.6899595875,Walloon Brabant,Wallonia
1490,Court-Saint-Etienne,4.5685766,50.6443208,Walloon Brabant,Wallonia
1495,Marbais / Mellery / Sart-Dames-Avelines / Tilly / Villers-La-Ville,4.53300376161254,50.56536568,Walloon Brabant,Wallonia
1500,Halle,4.2374349,50.7360524,Flemish Brabant,Flanders
1501,Buizingen,4.2605080818496,50.73793415,Flemish Brabant,Flanders
1502,Lembeek,4.2143430588907,50.7092954,Flemish Brabant,Flanders
1540,Herfelingen / Herne,4.06174918317485,50.735512275000005,Flemish Brabant,Flanders
1541,Sint-Pieters-Kapelle,3.9985766720315,50.70721955,Flemish Brabant,Flanders
1547,Biévène,3.943147,50.7164481,Flemish Brabant,Flanders
1560,Hoeilaart,4.474407,50.7674846,Flemish Brabant,Flanders
1570,Galmaarden / Tollembeek / Vollezele,4.0001745137919995,50.75222816666667,Flemish Brabant,Flanders
1600,Oudenaken / Sint-Laureins-Berchem / Sint-Pieters-Leeuw,4.213500539102133,50.783134116666666,Flemish Brabant,Flanders
1601,Ruisbroek,4.298610469732,50.7848617,Flemish Brabant,Flanders
1602,Vlezenbeek,4.2360410720845,50.805593,Flemish Brabant,Flanders
1620,Drogenbos,4.3173542,50.786532,Flemish Brabant,Flanders
1630,Linkebeek,4.3345641,50.7716092,Flemish Brabant,Flanders
1640,Rhode-Saint-Genèse,4.3463687,50.74503,Flemish Brabant,Flanders
1650,Beersel,4.3051321494591,50.7684432,Flemish Brabant,Flanders
1651,Lot,4.2729986221483,50.76514035,Flemish Brabant,Flanders
1652,Alsemberg,4.3281703413079,50.7449476,Flemish Brabant,Flanders
1653,Dworp,4.2950152833964,50.73423975,Flemish Brabant,Flanders
1654,Huizingen,4.2732545968764,50.74931535,Flemish Brabant,Flanders
1670,Bogaarden / Heikruis / Pepingen,4.142675096379233,50.74194073333333,Flemish Brabant,Flanders
1671,Elingen,4.174198071757,50.7793527,Flemish Brabant,Flanders
1673,Beert,4.1853449364222,50.7354888,Flemish Brabant,Flanders
1674,Bellingen,4.1601450278998,50.73779765,Flemish Brabant,Flanders
1700,Dilbeek / Sint-Martens-Bodegem / Sint-Ulriks-Kapelle,4.233813922254767,50.86228108333333,Flemish Brabant,Flanders
1701,Itterbeek,4.2501187,50.8395994,Flemish Brabant,Flanders
1702,Groot-Bijgaarden,4.2635668372339,50.8714357,Flemish Brabant,Flanders
1703,Schepdaal,4.195149072634,50.8363077,Flemish Brabant,Flanders
1730,Asse / Bekkerzeel / Kobbegem / Mollem,4.223066476821125,50.910244475,Flemish Brabant,Flanders
1731,Relegem / Zellik,4.27672254638985,50.89311415,Flemish Brabant,Flanders
1740,Ternat,4.1834171401216,50.87155835,Flemish Brabant,Flanders
1741,Wambeek,4.1646372476962,50.85672975,Flemish Brabant,Flanders
1742,Sint-Katherina-Lombeek,4.1535568,50.8726659,Flemish Brabant,Flanders
1745,Mazenzele / Opwijk,4.18071485,50.955966000000004,Flemish Brabant,Flanders
1750,Gaasbeek / Lennik / Sint-Kwintens-Lennik / Sint-Martens-Lennik,4.16720294931185,50.8078605875,Flemish Brabant,Flanders
1755,Gooik / Kester / Leerbeek / Oetingen,4.101248766862775,50.777631975,Flemish Brabant,Flanders
1760,Onze-Lieve-Vrouw-Lombeek / Pamel / Roosdaal / Strijtem,4.101454469676425,50.8328627125,Flemish Brabant,Flanders
1761,Borchtlombeek,4.1369148649611,50.84817805,Flemish Brabant,Flanders
1770,Liedekerke,4.0860754,50.8711313,Flemish Brabant,Flanders
1780,Wemmel,4.3108723,50.9145955,Flemish Brabant,Flanders
1785,Brussegem / Hamme / Merchtem,4.206314860347567,50.99171040000001,Flemish Brabant,Flanders
1790,Affligem / Essene / Hekelgem / Teralfene,4.1166712723847,50.9017081,Flemish Brabant,Flanders
1800,Peutie / Vilvoorde,4.4440516757419,50.927655474999995,Flemish Brabant,Flanders
1820,Melsbroek / Perk / Steenokkerzeel,4.4943328,50.91986119999999,Flemish Brabant,Flanders
1830,Machelen,4.4353614,50.9124219,Flemish Brabant,Flanders
1831,Diegem,4.4365042,50.8945555,Flemish Brabant,Flanders
1840,Londerzeel / Malderen / Steenhuffel,4.2684406805446,51.00884286666667,Flemish Brabant,Flanders
1850,Grimbergen,4.4013732626459,50.95030565,Flemish Brabant,Flanders
1851,Humbeek,4.3777599282045,50.9728229,Flemish Brabant,Flanders
1852,Beigem,4.3638682,50.9527061,Flemish Brabant,Flanders
1853,Strombeek-Bever,4.342355501959,50.91096285,Flemish Brabant,Flanders
1860,Meise,4.3287322,50.9341625,Flemish Brabant,Flanders
1861,Wolvertem,4.3085198,50.9510266,Flemish Brabant,Flanders
1880,Kapelle-Op-Den-Bos / Nieuwenrode / Ramsdonk,4.349566066926733,51.001556666666666,Flemish Brabant,Flanders
1910,Berg / Buken / Kampenhout / Nederokkerzeel,4.72630197184235,50.9938421625,Flemish Brabant,Flanders
1930,Nossegem / Zaventem,4.4913270474732,50.882716425,Flemish Brabant,Flanders
1932,Sint-Stevens-Woluwe,4.4359939711919,50.8662434,Flemish Brabant,Flanders
1933,Sterrebeek,4.5157438438279,50.85395875,Flemish Brabant,Flanders
1950,Kraainem,4.4691371,50.8606105,Flemish Brabant,Flanders
1970,Wezembeek-Oppem,4.4871796,50.8440554,Flemish Brabant,Flanders
1980,Eppegem / Zemst,4.4498904197249995,50.973965899999996,Flemish Brabant,Flanders
1981,Hofstade,4.5042526607237,50.9939033,Flemish Brabant,Flanders
1982,Elewijt / Weerde,4.49371644592705,50.970908324999996,Flemish Brabant,Flanders
2000,Antwerpen,4.3997081,51.2211097,Antwerp,Flanders
2018,Antwerpen,4.3997081,51.2211097,Antwerp,Flanders
2020,Antwerpen,4.3997081,51.2211097,Antwerp,Flanders
2030,Antwerpen,4.3997081,51.2211097,Antwerp,Flanders
2040,Antwerpen / Berendrecht / Lillo / Zandvliet,4.323186869612175,51.3077631125,Antwerp,Flanders
2050,Antwerpen,4.3997081,51.2211097,Antwerp,Flanders
2060,Antwerpen,4.3997081,51.2211097,Antwerp,Flanders
2070,Burcht / Zwijndrecht,4.3302527641093995,51.216712725,Antwerp,Flanders
2100,Deurne,4.4695254092764,51.2115284,Antwerp,Flanders
2110,Wijnegem,4.5225318,51.2270761,Antwerp,Flanders
2140,Borgerhout,4.4403895064496,51.21029905,Antwerp,Flanders
2150,Borsbeek,4.488953,51.1928907,Antwerp,Flanders
2160,Wommelgem,4.5238022,51.2031044,Antwerp,Flanders
2170,Merksem,4.4453401635115,51.24994295,Antwerp,Flanders
2180,Ekeren,4.4322870782182,51.2842045,Antwerp,Flanders
2200,Herentals / Morkhoven / Noorderwijk,4.831850803283333,51.14914923333333,Antwerp,Flanders
2220,Hallaar / Heist-Op-Den-Berg,4.71924431265885,51.0750357,Antwerp,Flanders
2221,Booischot,4.7692867998141,51.0471677,Antwerp,Flanders
2222,Itegem / Wiekevorst,4.75862512162715,51.1050622,Antwerp,Flanders
2223,Schriek,4.4361161,51.2907379,Antwerp,Flanders
2230,Herselt / Ramsel,4.8677089015677,51.04393995,Antwerp,Flanders
2235,Houtvenne / Hulshout / Westmeerbeek,4.808324254851033,51.06060251666667,Antwerp,Flanders
2240,Massenhoven / Viersel / Zandhoven,4.6485030227673,51.200361683333334,Antwerp,Flanders
2242,Pulderbos,4.7033852099385,51.2257319,Antwerp,Flanders
2243,Pulle,4.6975445276147,51.2011609,Antwerp,Flanders
2250,Olen,4.8597257,51.1438611,Antwerp,Flanders
2260,Oevel / Tongerlo / Westerlo / Zoerle-Parwijs,4.899095019546225,51.108653275,Antwerp,Flanders
2270,Herenthout,4.7543972,51.1392427,Antwerp,Flanders
2275,Gierle / Lille / Poederlee / Wechelderzande,4.8297327924367,51.2494823125,Antwerp,Flanders
2280,Grobbendonk,4.7318844301963,51.18870335,Antwerp,Flanders
2288,Bouwel,4.7370614385825,51.16210045,Antwerp,Flanders
2290,Vorselaar,4.769482,51.2023448,Antwerp,Flanders
2300,Turnhout,4.948461,51.3233812,Antwerp,Flanders
2310,Rijkevorsel,4.760708,51.3495046,Antwerp,Flanders
2320,Hoogstraten,4.7440656414186,51.39574085,Antwerp,Flanders
2321,Meer,4.7372548575575,51.46092495,Antwerp,Flanders
2322,Minderhout,4.8070790487489,51.43155825,Antwerp,Flanders
2323,Wortel,4.8085930879726,51.3975366,Antwerp,Flanders
2328,Meerle,4.8051679,51.4743516,Antwerp,Flanders
2330,Merksplas,4.8627541,51.3580597,Antwerp,Flanders
2340,Beerse / Vlimmeren,4.8098750761565,51.30614695,Antwerp,Flanders
2350,Vosselaar,4.8878026,51.3129153,Antwerp,Flanders
2360,Oud-Turnhout,4.9817086,51.3178319,Antwerp,Flanders
2370,Arendonk,5.0864557,51.3202315,Antwerp,Flanders
2380,Ravels,5.0198122919518,51.3808625,Antwerp,Flanders
2381,Weelde,5.0182445420616,51.41206885,Antwerp,Flanders
2382,Poppel,5.0488069670452,51.45063155,Antwerp,Flanders
2387,Baarle-Hertog,4.9004051710883,51.412750431352,Antwerp,Flanders
2390,Malle / Oostmalle / Westmalle,4.706484707038499,51.30047965,Antwerp,Flanders
2400,Mol,5.1155267,51.1840421,Antwerp,Flanders
2430,Eindhout / Laakdal / Vorst,5.007802442517266,51.08699805,Antwerp,Flanders
2431,Varendonk / Veerle,4.9678894951424,51.069668300000004,Antwerp,Flanders
2440,Geel,4.9903187,51.1610826,Antwerp,Flanders
2450,Meerhout,5.0772388,51.1317433,Antwerp,Flanders
2460,Kasterlee / Lichtaart / Tielen,4.922698857900733,51.237989733333336,Antwerp,Flanders
2470,Retie,5.0843883,51.2675862,Antwerp,Flanders
2480,Dessel,5.113243,51.2395713,Antwerp,Flanders
2490,Balen,5.1937730761009,51.171804,Antwerp,Flanders
2491,Olmen,5.1648214462792,51.13368515,Antwerp,Flanders
2500,Koningshooikt / Lier,4.58651720554385,51.11200615,Antwerp,Flanders
2520,Broechem / Emblem / Oelegem / Ranst,4.590605365350225,51.187803275,Antwerp,Flanders
2530,Boechout,4.510406865149,51.1596941,Antwerp,Flanders
2531,Vremde,4.5226229,51.1753099,Antwerp,Flanders
2540,Hove,4.477387,51.1486117,Antwerp,Flanders
2547,Lint,4.4922187,51.1268305,Antwerp,Flanders
2550,Kontich / Waarloos,4.44931795,51.11982145,Antwerp,Flanders
2560,Bevel / Kessel / Nijlen,4.667528302955033,51.14738378333333,Antwerp,Flanders
2570,Duffel,4.5061988,51.0957176,Antwerp,Flanders
2580,Beerzel / Putte,4.647064020649349,51.060039825000004,Antwerp,Flanders
2590,Berlaar / Gestel,4.664335041724399,51.1153121,Antwerp,Flanders
2600,Berchem,4.4317026387884,51.1918493,Antwerp,Flanders
2610,Wilrijk,4.3876309610455,51.1638451,Antwerp,Flanders
2620,Hemiksem,4.3420555,51.1442105,Antwerp,Flanders
2627,Schelle,4.3361875,51.1245635,Antwerp,Flanders
2630,Aartselaar,4.3870241,51.133297,Antwerp,Flanders
2640,Mortsel,4.4593335,51.1741789,Antwerp,Flanders
2650,Edegem,4.4384284,51.1574786,Antwerp,Flanders
2660,Hoboken,4.3511502171395,51.1757824,Antwerp,Flanders
2800,Mechelen / Walem,4.464097999998,51.046913724999996,Antwerp,Flanders
2801,Heffen,4.4124762563322,51.0519355,Antwerp,Flanders
2811,Hombeek / Leest,4.4180984259159,51.023359975000005,Antwerp,Flanders
2812,Muizen,4.5182999731643,51.0083206,Antwerp,Flanders
2820,Bonheiden / Rijmenam,4.5610219389535995,51.013605600000005,Antwerp,Flanders
2830,Blaasveld / Heindonk / Tisselt / Willebroek,4.374020816100825,51.05505855,Antwerp,Flanders
2840,Reet / Rumst / Terhagen,4.409766486210033,51.087349233333335,Antwerp,Flanders
2845,Niel,4.3303396,51.1098649,Antwerp,Flanders
2850,Boom,4.3667216,51.0873789,Antwerp,Flanders
2860,Sint-Katelijne-Waver,4.5114278140147,51.06232435,Antwerp,Flanders
2861,Onze-Lieve-Vrouw-Waver,4.5799614,51.0624913,Antwerp,Flanders
2870,Breendonk / Liezele / Puurs / Ruisbroek,4.304659230545425,51.063084350000004,Antwerp,Flanders
2880,Bornem / Hingene / Mariekerke / Weert,4.2305078821517,51.090890225,Antwerp,Flanders
2890,Lippelo / Oppuurs / Sint-Amands,4.2338817215182,51.05123165,Antwerp,Flanders
2900,Schoten,4.4980446,51.2516344,Antwerp,Flanders
2910,Essen,4.4701309,51.4677957,Antwerp,Flanders
2920,Kalmthout,4.4763255,51.3832723,Antwerp,Flanders
2930,Brasschaat,4.489307,51.2930933,Antwerp,Flanders
2940,Hoevenen / Stabroek,4.387505808022,51.320902075,Antwerp,Flanders
2950,Kapellen,4.4312318305558,51.332759,Antwerp,Flanders
2960,Brecht / Sint-Job-In-'t-Goor / Sint-Lenaarts,4.617129692998733,51.32524776666667,Antwerp,Flanders
2970,'s Gravenwezel / Schilde,4.575559767994401,51.2597903,Antwerp,Flanders
2980,Halle / Zoersel,4.6794061172243,51.25725855,Antwerp,Flanders
2990,Loenhout / Wuustwezel,4.604003572520099,51.3923487,Antwerp,Flanders
3000,Leuven,4.6929903215189,50.8812533,Flemish Brabant,Flanders
3001,Heverlee,4.6931307510281,50.85172925,Flemish Brabant,Flanders
3010,Kessel Lo,4.7307614946269,50.88991545,Flemish Brabant,Flanders
3012,Wilsele,4.7136294,50.9095362,Flemish Brabant,Flanders
3018,Wijgmaal,4.7001214,50.926428,Flemish Brabant,Flanders
3020,Herent / Veltem-Beisem / Winksele,4.6462249985887,50.90750503333334,Flemish Brabant,Flanders
3040,Huldenberg / Loonbeek / Neerijse / Ottenburg / Sint-Agatha-Rode,4.61548063326702,50.789369390000005,Flemish Brabant,Flanders
3050,Oud-Heverlee,4.6678971,50.8217682,Flemish Brabant,Flanders
3051,Sint-Joris-Weert,4.6458289787229,50.8051035,Flemish Brabant,Flanders
3052,Blanden,4.7056796612254,50.8281673,Flemish Brabant,Flanders
3053,Haasrode,4.7283706944623,50.81785645,Flemish Brabant,Flanders
3054,Vaalbeek,4.6852713590102,50.82408165,Flemish Brabant,Flanders
3060,Bertem / Korbeek-Dijle,4.6311173368946505,50.858828512578,Flemish Brabant,Flanders
3061,Leefdaal,4.5905043649411,50.8419887,Flemish Brabant,Flanders
3070,Kortenberg,4.5364707039624,50.88326665,Flemish Brabant,Flanders
3071,Erps-Kwerps,4.5750864125531,50.9104969,Flemish Brabant,Flanders
3078,Everberg / Meerbeek,4.5759321063222,50.875477075,Flemish Brabant,Flanders
3080,Duisburg / Tervuren / Vossem,4.538725740100733,50.82290265,Flemish Brabant,Flanders
3090,Overijse,4.5385226,50.7729254,Flemish Brabant,Flanders
3110,Rotselaar,4.7143205960258,50.9543637,Flemish Brabant,Flanders
3111,Wezemaal,4.7683306885409,50.9482552,Flemish Brabant,Flanders
3118,Werchter,4.7026877230529,50.9707189,Flemish Brabant,Flanders
3120,Tremelo,4.6755134,50.9900457,Flemish Brabant,Flanders
3128,Baal,4.7505367662714,51.0075269,Flemish Brabant,Flanders
3130,Begijnendijk / Betekom,4.786735244424101,51.01012435,Flemish Brabant,Flanders
3140,Keerbergen,4.6265551,51.0049242,Flemish Brabant,Flanders
3150,Haacht / Tildonk / Wespelaar,4.643596011331801,50.95806703333333,Flemish Brabant,Flanders
3190,Boortmeerbeek,4.575800525,50.97828585,Flemish Brabant,Flanders
3191,Hever,4.5553278,50.9925865,Flemish Brabant,Flanders
3200,Aarschot / Gelrode,4.8144208720492,50.97561775,Flemish Brabant,Flanders
3201,Langdorp,4.8856989624279,51.0118664,Flemish Brabant,Flanders
3202,Rillaar,4.8970494266873,50.97591095,Flemish Brabant,Flanders
3210,Linden / Lubbeek,4.8078723456843,50.890511475,Flemish Brabant,Flanders
3211,Binkom,4.8908885858013,50.8721422,Flemish Brabant,Flanders
3212,Pellenberg,4.7894086649098,50.87211325,Flemish Brabant,Flanders
3220,Holsbeek / Kortrijk-Dutsel / Sint-Pieters-Rode,4.790124177579901,50.92034776666666,Flemish Brabant,Flanders
3221,Nieuwrode,4.8338045392342,50.9470265,Flemish Brabant,Flanders
3270,Scherpenheuvel / Scherpenheuvel-Zichem,4.9650826713253,50.9707446,Flemish Brabant,Flanders
3271,Averbode / Zichem,4.981021689461199,51.01820884999999,Flemish Brabant,Flanders
3272,Messelbroek / Testelt,4.9365692051312,51.004380725,Flemish Brabant,Flanders
3290,Deurne / Diest / Schaffen / Webbekom,5.072634327038999,51.0004436375,Flemish Brabant,Flanders
3293,Kaggevinne,5.0299404926122,50.9776976,Flemish Brabant,Flanders
3294,Molenstede,5.0247465287649,51.0071839,Flemish Brabant,Flanders
3300,Bost / Goetsenhoven / Hakendover / Kumtich / Oorbeek / Oplinter / Sint-Margriete-Houtem / Tienen / Vissenaken,4.944230164323655,50.809474494444444,Flemish Brabant,Flanders
3320,Hoegaarden / Meldert,4.85529931087705,50.788678974999996,Flemish Brabant,Flanders
3321,Outgaarden,4.9193571,50.7665968,Flemish Brabant,Flanders
3350,Drieslinter / Linter / Melkwezer / Neerhespen / Neerlinter / Orsmaal-Gussenhoven / Overhespen / Wommersom,5.04437481913385,50.8181176375,Flemish Brabant,Flanders
3360,Bierbeek / Korbeek-Lo / Lovenjoel / Opvelp,4.776395362521775,50.8369921625,Flemish Brabant,Flanders
3370,Boutersem / Kerkom / Neervelp / Roosbeek / Vertrijk / Willebringen,4.839895130972983,50.83365031666667,Flemish Brabant,Flanders
3380,Bunsbeek / Glabbeek,4.95570584642765,50.8617777,Flemish Brabant,Flanders
3381,Kapellen,4.9608776189751,50.88734525,Flemish Brabant,Flanders
3384,Attenrode,4.9167554140969,50.8694607,Flemish Brabant,Flanders
3390,Houwaart / Sint-Joris-Winge / Tielt / Tielt-Winge,4.884485227695725,50.9263040375,Flemish Brabant,Flanders
3391,Meensel-Kiezegem,4.9173431325348,50.8950541,Flemish Brabant,Flanders
3400,Eliksem / Ezemaal / Laar / Landen / Neerwinden / Overwinden / Rumsdorp / Wange,4.96382401776845,50.83155770625,Flemish Brabant,Flanders
3401,Waasmont / Walsbets / Walshoutem / Wezeren,5.086322332772725,50.728739425,Flemish Brabant,Flanders
3404,Attenhoven / Neerlanden,5.09002044774805,50.77373595,Flemish Brabant,Flanders
3440,Budingen / Dormaal / Halle-Booienhoven / Helen-Bos / Zoutleeuw,5.0997225516219995,50.832404409999995,Flemish Brabant,Flanders
3450,Geetbets / Grazen,5.115754391491899,50.885301825,Flemish Brabant,Flanders
3454,Rummen,5.1564917481959,50.88594765,Flemish Brabant,Flanders
3460,Assent / Bekkevoort,4.99914290752635,50.940334525,Flemish Brabant,Flanders
3461,Molenbeek-Wersbeek,4.9541212,50.9212106,Flemish Brabant,Flanders
3470,Kortenaken / Ransberg / Sint-Margriete-Houtem,5.0222792111166665,50.8720468,Flemish Brabant,Flanders
3471,Hoeleden,5.0014628020046,50.8668096,Flemish Brabant,Flanders
3472,Kersbeek-Miskom,5.0065116045983,50.8930932577,Flemish Brabant,Flanders
3473,Waanrode,5.0037716328589,50.9129375,Flemish Brabant,Flanders
3500,Hasselt / Sint-Lambrechts-Herk,5.32439233782835,50.916971175,Limburg,Flanders
3501,Wimmertingen,5.3512906396928,50.8769276,Limburg,Flanders
3510,Kermt / Spalbeek,5.23938644784005,50.950747199999995,Limburg,Flanders
3511,Kuringen / Stokrooie,5.28997491863595,50.957395975,Limburg,Flanders
3512,Stevoort,5.2444291944072,50.91698375,Limburg,Flanders
3520,Zonhoven,5.3677683,50.9909835,Limburg,Flanders
3530,Helchteren / Houthalen / Houthalen-Helchteren,5.389313759485733,51.046357199999996,Limburg,Flanders
3540,Berbroek / Donk / Herk-De-Stad / Schulen,5.1188293756320995,50.9456500625,Limburg,Flanders
3545,Halen / Loksbergen / Zelem,5.094093941998434,50.950237066666666,Limburg,Flanders
3550,Heusden / Heusden-Zolder / Zolder,5.290707309759466,51.02951238333333,Limburg,Flanders
3560,Linkhout / Lummen / Meldert,5.1623413902036335,50.99188878333333,Limburg,Flanders
3570,Alken,5.3079873,50.8754731,Limburg,Flanders
3580,Beringen,5.2208090823008,51.0502026,Limburg,Flanders
3581,Beverlo,5.2443565507181,51.08973005,Limburg,Flanders
3582,Koersel,5.271159654589,51.06978945,Limburg,Flanders
3583,Paal,5.1616725572109,51.04746375,Limburg,Flanders
3590,Diepenbeek,5.4200307,50.9078485,Limburg,Flanders
3600,Genk,5.5001456,50.9654864,Limburg,Flanders
3620,Gellik / Lanaken / Neerharen / Veldwezelt,5.6434553,50.88665005,Limburg,Flanders
3621,Rekem,5.6626094755366,50.9284078,Limburg,Flanders
3630,Eisden / Leut / Maasmechelen / Mechelen-Aan-De-Maas / Meeswijk / Opgrimbie / Vucht,5.704542922245828,50.97720461428572,Limburg,Flanders
3631,Boorsem / Uikhoven,5.7173215253670495,50.93367979999999,Limburg,Flanders
3640,Kessenich / Kinrooi / Molenbeersel / Ophoven,5.7661525253944,51.148252575,Limburg,Flanders
3650,Dilsen / Dilsen-Stokkem / Elen / Lanklaar / Rotem / Stokkem,5.719467045578433,51.03574888333333,Limburg,Flanders
3660,Opglabbeek,5.581962,51.0429949,Limburg,Flanders
3665,As,5.5722025852462,51.0005396,Limburg,Flanders
3668,Niel-Bij-As,5.6161660037867,51.0182495,Limburg,Flanders
3670,Ellikom / Gruitrode / Meeuwen / Meeuwen-Gruitrode / Neerglabbeek / Wijshagen,5.553005186141401,51.093414441666674,Limburg,Flanders
3680,Maaseik / Neeroeteren / Opoeteren,5.7143926437216,51.080922683333334,Limburg,Flanders
3690,Zutendaal,5.5725548,50.9318992,Limburg,Flanders
3700,'s Herenelderen / Berg / Diets-Heur / Haren / Henis / Kolmont / Koninksem / Lauw / Mal / Neerrepen / Nerem / Overrepen / Piringen / Riksingen / Rutten / Sluizen / Tongeren / Vreren / Widooie,5.245120924907532,50.82384097368421,Limburg,Flanders
3717,Herstappe,5.4260923,50.7273829,Limburg,Flanders
3720,Kortessem,5.3770000287821,50.86195255,Limburg,Flanders
3721,Vliermaalroot,5.4298574663068,50.8667966,Limburg,Flanders
3722,Wintershoven,5.4073456316551,50.85566395,Limburg,Flanders
3723,Guigoven,5.4005632276197,50.84255235,Limburg,Flanders
3724,Vliermaal,5.4259091735787,50.8326029,Limburg,Flanders
3730,Hoeselt / Romershoven / Sint-Huibrechts-Hern / Werm,5.468765975,50.842747450000005,Limburg,Flanders
3732,Schalkhoven,5.4481669278797,50.8422859,Limburg,Flanders
3740,Beverst / Bilzen / Eigenbilzen / Grote-Spouwen / Hees / Kleine-Spouwen / Mopertingen / Munsterbilzen / Rijkhoven / Rosmeer / Waltwilder,5.5473040909090905,50.85900734545455,Limburg,Flanders
3742,Martenslinde,5.5340486411054,50.8523326,Limburg,Flanders
3746,Hoelbeek,5.556142701219,50.883259,Limburg,Flanders
3770,Genoelselderen / Herderen / Kanne / Membruggen / Millen / Riemst / Val-Meer / Vlijtingen / Vroenhoven / Zichen-Zussen-Bolder,5.59174534,50.80793069,Limburg,Flanders
3790,Fouron-Saint-Martin / Fourons / Mouland,5.7989446438284995,50.747551316666666,Limburg,Flanders
3791,Remersdaal,5.8818776028446,50.72838165,Limburg,Flanders
3792,Fouron-Saint-Pierre,5.8242427123549,50.72830265,Limburg,Flanders
3793,Teuven,5.8695304694514,50.75322225,Limburg,Flanders
3798,Fouron-Le-Comte,5.7719461900567,50.7611375,Limburg,Flanders
3800,Aalst / Brustem / Engelmanshoven / Gelinden / Groot-Gelmen / Halmaal / Kerkom-Bij-Sint-Truiden / Ordingen / Sint-Truiden / Zepperen,5.22361185626674,50.79517082,Limburg,Flanders
3803,Duras / Gorsem / Runkelen / Wilderen,5.151587922546625,50.83441795,Limburg,Flanders
3806,Velm,5.1322112767812,50.78000075,Limburg,Flanders
3830,Berlingen / Wellen,5.32667010522005,50.833425775,Limburg,Flanders
3831,Herten,5.3322359627296,50.82704785,Limburg,Flanders
3832,Ulbeek,5.2936725006792,50.84319895,Limburg,Flanders
3840,Bommershoven / Borgloon / Broekom / Gors-Opleeuw / Gotem / Groot-Loon / Haren / Hendrieken / Hoepertingen / Jesseren / Kerniel / Kolmont / Kuttekoven / Rijkel / Voort,5.305638891919454,50.827448249999996,Limburg,Flanders
3850,Binderveld / Kozen / Nieuwerkerken / Wijer,5.206042677026125,50.8781454,Limburg,Flanders
3870,Batsheers / Bovelingen / Heers / Heks / Horpmaal / Klein-Gelmen / Mechelen-Bovelingen / Mettekoven / Opheers / Rukkelingen-Loon / Vechmaal / Veulen,5.298731816666667,50.75308880833333,Limburg,Flanders
3890,Boekhout / Gingelom / Jeuk / Kortijs / Montenaken / Niel-Bij-Sint-Truiden / Vorsen,5.167712818381657,50.728417285714286,Limburg,Flanders
3891,Borlo / Buvingen / Mielen-Boven-Aalst / Muizen,5.18637849436145,50.7508853875,Limburg,Flanders
3900,Overpelt,5.422976,51.2113458,Limburg,Flanders
3910,Neerpelt / Sint-Huibrechts-Lille,5.46257100755415,51.22714105,Limburg,Flanders
3920,Lommel,5.3076895,51.2305657,Limburg,Flanders
3930,Achel / Hamont / Hamont-Achel,5.507815495210633,51.25926011666667,Limburg,Flanders
3940,Hechtel / Hechtel-Eksel,5.3415643775263,51.11664635,Limburg,Flanders
3941,Eksel,5.3440439268887,51.1567865,Limburg,Flanders
3945,Ham / Kwaadmechelen / Oostham,5.1648446862318,51.10652133333334,Limburg,Flanders
3950,Bocholt / Kaulille / Reppel,5.556379509815933,51.17781611666667,Limburg,Flanders
3960,Beek / Bree / Gerdingen / Opitter / Tongerlo,5.63046431340752,51.13683595,Limburg,Flanders
3970,Leopoldsburg,5.2638924294785,51.1220584,Limburg,Flanders
3971,Heppen,5.2265355962879,51.11582725,Limburg,Flanders
3980,Tessenderlo,5.0893974,51.0681628,Limburg,Flanders
3990,Grote-Brogel / Kleine-Brogel / Peer / Wijchmaal,5.4587437555999,51.1376384,Limburg,Flanders
4000,Glain / Liège / Rocourt,5.5543001,50.65712836666666,Liege,Wallonia
4020,Bressoux / Jupille-Sur-Meuse / Liège / Wandre,5.618588475,50.6499681,Liege,Wallonia
4030,Grivegnee,5.599573,50.621845,Liege,Wallonia
4031,Angleur,5.5954054,50.6128164,Liege,Wallonia
4032,Chênee,5.619261,50.6111024,Liege,Wallonia
4040,Herstal,5.6403906,50.6701887,Liege,Wallonia
4041,Milmort / Vottem,5.588771449999999,50.681558100000004,Liege,Wallonia
4042,Liers,5.563754,50.6933806,Liege,Wallonia
4050,Chaudfontaine,5.6469688,50.5847922,Liege,Wallonia
4051,Vaux-Sous-Chèvremont,5.6335963,50.6018717,Liege,Wallonia
4052,Beaufays,5.6387759,50.5589633,Liege,Wallonia
4053,Embourg,5.619201,50.5893639,Liege,Wallonia
4100,Boncelles / Seraing,5.52195365,50.58546855,Liege,Wallonia
4101,Jemeppe-Sur-Meuse,5.5049541,50.6168289,Liege,Wallonia
4102,Ougrée,5.5389943,50.5992632,Liege,Wallonia
4120,Ehein / Neupré / Rotheux-Rimière,5.471907366666667,50.54100903333333,Liege,Wallonia
4121,Neuville-En-Condroz,5.4514318,50.5520337,Liege,Wallonia
4122,Plainevaux,5.5215011,50.5446771,Liege,Wallonia
4130,Esneux / Tilff,5.5850027530557,50.5475245,Liege,Wallonia
4140,Dolembreux / Gomzé-Andoumont / Rouvreux / Sprimont,5.6556226371388,50.519638425,Liege,Wallonia
4141,Louveigné,5.7172477995985,50.5248417,Liege,Wallonia
4160,Anthisnes,5.5225261,50.481662,Liege,Wallonia
4161,Villers-Aux-Tours,5.5122974,50.4969412,Liege,Wallonia
4162,Hody,5.5009881,50.4869156,Liege,Wallonia
4163,Tavier,5.4707571,50.4960227,Liege,Wallonia
4170,Comblain-Au-Pont,5.5764707268884,50.474910743586,Liege,Wallonia
4171,Poulseur,5.5827847,50.5097627,Liege,Wallonia
4180,Comblain-Fairon / Comblain-La-Tour / Hamoir,5.548554866666667,50.44205026666666,Liege,Wallonia
4181,Filot,5.5680501,50.426751,Liege,Wallonia
4190,Ferrières / My / Vieuxville / Werbomont / Xhoris,5.60357054,50.40494318,Liege,Wallonia
4210,Burdinne / Hannêche / Lamontzée / Marneffe / Oteppe,5.09675818,50.581206980000005,Liege,Wallonia
4217,Héron / Lavoir / Waret-L'evêque,5.0966822333333335,50.551773966666666,Liege,Wallonia
4218,Couthuin,5.1318708,50.5331675,Liege,Wallonia
4219,Acosse / Ambresin / Meeffe / Wasseiges,5.025455624999999,50.613096424999995,Liege,Wallonia
4250,Boëlhe / Geer / Hollogne-Sur-Geer / Lens-Saint-Servais,5.176112325,50.673367549999995,Liege,Wallonia
4252,Omal,5.1969427,50.6554534,Liege,Wallonia
4253,Darion,5.187047,50.6649171,Liege,Wallonia
4254,Ligney,5.182381,50.66174,Liege,Wallonia
4257,Berloz / Corswarem,5.2138901,50.703651449999995,Liege,Wallonia
4260,Avennes / Braives / Ciplet / Fallais / Fumal / Ville-En-Hesbaye,5.1381738,50.61507446666667,Liege,Wallonia
4261,Latinne,5.1632447,50.6242037,Liege,Wallonia
4263,Tourinne,5.1765528,50.639549,Liege,Wallonia
4280,Abolens / Avernas-Le-Bauduin / Avin / Bertrée / Blehen / Cras-Avernas / Crehen / Grand-Hallet / Hannut / Lens-Saint-Remy / Merdorp / Moxhe / Petit-Hallet / Poucet / Thisnes / Trognée / Villers-Le-Peuplier / Wansin,5.080038077777777,50.66979201666666,Liege,Wallonia
4287,Lincent / Pellaines / Racour,5.0221268,50.7244159,Liege,Wallonia
4300,Bettincourt / Bleret / Bovenistier / Grand-Axhe / Lantremange / Oleye / Waremme,5.266165942857143,50.69535378571429,Liege,Wallonia
4317,Aineffe / Borlez / Celles / Faimes / Les Waleffes / Viemme,5.249252033333334,50.643932533333334,Liege,Wallonia
4340,Awans / Fooz / Othée / Villers-L'evêque,5.452397125,50.690497625,Liege,Wallonia
4342,Hognoul,5.4556394,50.6808099,Liege,Wallonia
4347,Fexhe-Le-Haut-Clocher / Freloux / Noville / Roloux / Voroux-Goreux,5.40221278,50.66209298,Liege,Wallonia
4350,Lamine / Momalle / Pousset / Remicourt,5.334289,50.687665925,Liege,Wallonia
4351,Hodeige,5.3426579,50.6960127,Liege,Wallonia
4357,Donceel / Haneffe / Jeneffe / Limont,5.326458775,50.649965824999995,Liege,Wallonia
4360,Bergilers / Grandville / Lens-Sur-Geer / Oreye / Otrange,5.35139534,50.72485784,Liege,Wallonia
4367,Crisnée / Fize-Le-Marsal / Kemexhe / Odeur / Thys,5.39897622,50.70871978,Liege,Wallonia
4400,Awirs / Chokier / Flémalle / Flémalle-Grande / Flémalle-Haute / Ivoz-Ramet / Mons-Lez-Liège,5.450441171428571,50.60237107142857,Liege,Wallonia
4420,Montegnée / Saint-Nicolas / Tilleur,5.529713733333334,50.6312517,Liege,Wallonia
4430,Ans,5.5190612,50.6624326,Liege,Wallonia
4431,Loncin,5.502732,50.665153,Liege,Wallonia
4432,Alleur / Xhendremael,5.49678505,50.689311000000004,Liege,Wallonia
4450,Juprelle / Lantin / Slins,5.539257500000001,50.708793033333336,Liege,Wallonia
4451,Voroux-Lez-Liers,5.552484,50.687631,Liege,Wallonia
4452,Paifve / Wihogne,5.5152947999999995,50.7278796,Liege,Wallonia
4453,Villers-Saint-Siméon,5.5434045,50.7097826,Liege,Wallonia
4458,Fexhe-Slins,5.5714611,50.7219179,Liege,Wallonia
4460,Bierset / Grâce-Berleur / Grâce-Hollogne / Hollogne-Aux-Pierres / Horion-Hozémont / Velroux,5.457580350000001,50.6382026,Liege,Wallonia
4470,Saint-Georges-Sur-Meuse,5.3579041,50.6000686,Liege,Wallonia
4480,Clermont-Sous-Huy / Ehein / Engis / Hermalle-Sous-Huy,5.400800025,50.5632459,Liege,Wallonia
4500,Ben-Ahin / Huy / Tihange,5.2241547,50.517481366666665,Liege,Wallonia
4520,Antheit / Bas-Oha / Huccorgne / Moha / Vinalmont / Wanze,5.203224566666667,50.54739276666667,Liege,Wallonia
4530,Fize-Fontaine / Vaux-Et-Borset / Vieux-Waleffe / Villers-Le-Bouillet / Warnant-Dreye,5.2413546,50.5968898,Liege,Wallonia
4537,Bodegnée / Chapon-Seraing / Seraing-Le-Château / Verlaine,5.29873745,50.6061545,Liege,Wallonia
4540,Amay / Ampsin / Flône / Jehay / Ombret,5.32075156,50.55360414,Liege,Wallonia
4550,Nandrin / Saint-Séverin / Villers-Le-Temple / Yernée-Fraineux,5.39623495,50.5179764,Liege,Wallonia
4557,Abée / Fraiture / Ramelot / Seny / Soheit-Tinlot / Tinlot,5.3771735000000005,50.4722341,Liege,Wallonia
4560,Bois-Et-Borsu / Clavier / Les Avins / Ocquier / Pailhe / Terwagne,5.331626283333334,50.41415596666667,Liege,Wallonia
4570,Marchin / Vyle-Et-Tharoul,5.2473188,50.4632448,Liege,Wallonia
4577,Modave / Outrelouxhe / Strée-Lez-Huy / Vierset-Barse,5.31478395,50.479808649999995,Liege,Wallonia
4590,Ellemelle / Ouffet / Warzée,5.4451121,50.45098183333334,Liege,Wallonia
4600,Lanaye / Lixhe / Richelle / Visé,5.691359275,50.746634825,Liege,Wallonia
4601,Argenteau,5.686015,50.6957645,Liege,Wallonia
4602,Cheratte,5.670164,50.682809,Liege,Wallonia
4606,Saint-André,5.7536486,50.6953487,Liege,Wallonia
4607,Berneau / Bombaye / Dalhem / Feneur / Mortroux,5.732489119999999,50.7207697,Liege,Wallonia
4608,Neufchâteau / Warsage,5.774746018998,50.727123875000004,Liege,Wallonia
4610,Bellaire / Beyne-Heusay / Queue-Du-Bois,5.6658219,50.63463886666667,Liege,Wallonia
4620,Fléron,5.6832219,50.6168354,Liege,Wallonia
4621,Retinne,5.6978166,50.6302993,Liege,Wallonia
4623,Magnée,5.6811009,50.6028765,Liege,Wallonia
4624,Romsée,5.6655488,50.6068155,Liege,Wallonia
4630,Ayeneux / Micheroux / Soumagne / Tignée,5.7236247250000005,50.626130275,Liege,Wallonia
4631,Evegnée,5.7060994,50.6418082,Liege,Wallonia
4632,Cérexhe-Heuseux,5.7262388,50.6508837,Liege,Wallonia
4633,Melen,5.7370469,50.6460841,Liege,Wallonia
4650,Chaineux / Grand-Rechain / Herve / Julémont,5.8026078,50.641018599999995,Liege,Wallonia
4651,Battice,5.8194813,50.6482697,Liege,Wallonia
4652,Xhendelesse,5.7726472,50.6037018,Liege,Wallonia
4653,Bolland,5.7594413,50.6614055,Liege,Wallonia
4654,Charneux,5.8048204,50.669117,Liege,Wallonia
4670,Blégny / Mortier / Trembleur,5.731772433333333,50.683409833333336,Liege,Wallonia
4671,Barchon / Housse / Saive,5.690975833333333,50.66679753333333,Liege,Wallonia
4672,Saint-Remy,5.700802,50.6958409,Liege,Wallonia
4680,Hermée / Oupeye,5.63183695,50.70897075,Liege,Wallonia
4681,Hermalle-Sous-Argenteau,5.6808711,50.710544,Liege,Wallonia
4682,Heure-Le-Romain / Houtain-Saint-Siméon,5.619987650000001,50.7354361,Liege,Wallonia
4683,Vivegnis,5.6527071,50.697932,Liege,Wallonia
4684,Haccourt,5.6667674,50.7339784,Liege,Wallonia
4690,Bassenge / Boirs / Eben-Emael / Glons / Roclenge-Sur-Geer / Wonck,5.604309400000001,50.76469925,Liege,Wallonia
4700,Eupen,6.031452,50.6306134,Liege,Wallonia
4701,Kettenis,6.0458005,50.6461317,Liege,Wallonia
4710,Lontzen,6.0073447,50.6804233,Liege,Wallonia
4711,Walhorn,6.0469422,50.6750768,Liege,Wallonia
4720,La Calamine,6.013341,50.7154957,Liege,Wallonia
4721,Neu-Moresnet,6.0240702,50.7199902,Liege,Wallonia
4728,Hergenrath,6.0316891,50.7091279,Liege,Wallonia
4730,Hauset / Raeren,6.0908403,50.69207385,Liege,Wallonia
4731,Eynatten,6.081697,50.6935863,Liege,Wallonia
4750,Butgenbach / Elsenborn,6.21337,50.44201875,Liege,Wallonia
4760,Bullange / Manderfeld,6.29894125,50.36932355,Liege,Wallonia
4761,Rocherath,6.3009381,50.4344078,Liege,Wallonia
4770,Amblève / Meyerode,6.17952455,50.3415735,Liege,Wallonia
4771,Heppenbach,6.218691,50.3631661,Liege,Wallonia
4780,Recht / Saint-Vith,6.08451245,50.3076577,Liege,Wallonia
4782,Schoenberg,6.2642498,50.2888095,Liege,Wallonia
4783,Lommersweiler,6.1651484,50.2389236,Liege,Wallonia
4784,Crombach,6.0680547,50.2591318,Liege,Wallonia
4790,Burg-Reuland / Reuland,6.1289680290296005,50.1850964871485,Liege,Wallonia
4791,Thommen,6.0743425,50.2190586,Liege,Wallonia
4800,Ensival / Lambermont / Petit-Rechain / Polleur / Verviers,5.721229030997,50.40756014,Liege,Wallonia
4801,Stembert,5.8952801,50.593109,Liege,Wallonia
4802,Heusy,5.867539,50.57804,Liege,Wallonia
4820,Dison,5.854735,50.611374,Liege,Wallonia
4821,Andrimont,5.8901888,50.4386821,Liege,Wallonia
4830,Limbourg,5.9402987,50.6122761,Liege,Wallonia
4831,Bilstain,5.9212234,50.623535,Liege,Wallonia
4834,Goé,5.9562188,50.6086202,Liege,Wallonia
4837,Baelen / Membach,5.98343335,50.6252845,Liege,Wallonia
4840,Welkenraedt,5.9723396,50.6627086,Liege,Wallonia
4841,Henri-Chapelle,5.9318018,50.6768234,Liege,Wallonia
4845,Jalhay / Sart-Lez-Spa,5.949117299999999,50.5383464,Liege,Wallonia
4850,Montzen / Moresnet / Plombières,5.9697135999999995,50.721955533333336,Liege,Wallonia
4851,Gemmenich / Sippenaeken,5.9651958,50.748646,Liege,Wallonia
4852,Hombourg,5.9207511,50.723243,Liege,Wallonia
4860,Cornesse / Pepinster / Wegnez,5.804106166666667,50.573758999999995,Liege,Wallonia
4861,Soiron,5.7906072,50.5921673,Liege,Wallonia
4870,Forêt / Fraipont / Nessonvaux / Trooz,5.712128925,50.57420665,Liege,Wallonia
4877,Olne,5.7479948,50.5901199,Liege,Wallonia
4880,Aubel,5.8585553,50.7041498,Liege,Wallonia
4890,Clermont / Thimister / Thimister-Clermont,5.8707097154469,50.658300516666664,Liege,Wallonia
4900,Spa,5.8626233,50.4920838,Liege,Wallonia
4910,La Reid / Polleur / Theux,5.828130446453433,50.519409016666664,Liege,Wallonia
4920,Aywaille / Ernonheid / Harzé / Louveigné,5.681186424899625,50.460522575,Liege,Wallonia
4950,Faymonville / Robertville / Sourbrodt / Waimes,6.122324225,50.438149975,Liege,Wallonia
4960,Bevercé / Malmedy,6.032894,50.432762600000004,Liege,Wallonia
4970,Francorchamps / Stavelot,5.9418346,50.4236207,Liege,Wallonia
4980,Fosse / Trois-Ponts / Wanne,5.8765494333333335,50.355760266666664,Liege,Wallonia
4983,Basse-Bodeux,5.826789,50.3579736,Liege,Wallonia
4987,Chevron / La Gleize / Lorcé / Rahier / Stoumont,5.7789974200000005,50.4004657,Liege,Wallonia
4990,Arbrefontaine / Bra / Lierneux,5.7861445,50.30263233333333,Liege,Wallonia
5000,Beez / Namur,4.8856352259945,50.462467575000005,Namur,Wallonia
5001,Belgrade,4.8222958522639,50.46923485,Namur,Wallonia
5002,Saint-Servais,4.8351266178881,50.48141855,Namur,Wallonia
5003,Saint-Marc,4.8469587132153,50.4948666,Namur,Wallonia
5004,Bouge,4.891664450549,50.47887385,Namur,Wallonia
5020,Champion / Daussoulx / Flawinne / Malonne / Suarlée / Temploux / Vedrin,4.827489913737957,50.483423328571426,Namur,Wallonia
5021,Boninne,4.9291903523068,50.49239555,Namur,Wallonia
5022,Cognelée,4.9127293838106,50.5171876,Namur,Wallonia
5024,Gelbressée / Marche-Les-Dames,4.959667163726349,50.4989126,Namur,Wallonia
5030,Beuzet / Ernage / Gembloux / Grand-Manil / Lonzée / Sauvenière,4.70933938383855,50.56345206666666,Namur,Wallonia
5031,Grand-Leez,4.7609593378472,50.57820735,Namur,Wallonia
5032,Bossière / Bothey / Corroy-Le-Château / Isnes / Mazy,4.68286912140724,50.52089721,Namur,Wallonia
5060,Arsimont / Auvelais / Falisolle / Keumiée / Moignelée / Sambreville / Tamines / Velaine-Sur-Sambre,4.61432775,50.442796475,Namur,Wallonia
5070,Aisemont / Fosses-La-Ville / Le Roux / Sart-Eustache / Sart-Saint-Laurent / Vitrival,4.661643533333334,50.393715883333336,Namur,Wallonia
5080,Emines / La Bruyère / Rhisnes / Villers-Lez-Heest / Warisoulx,5.0077952952209,50.50048968,Namur,Wallonia
5081,Bovesse / Meux,4.788689836490899,50.533481525,Namur,Wallonia
5100,Dave / Jambes / Naninne / Wépion / Wierde,4.905524319007919,50.426900366405405,Namur,Wallonia
5101,Erpent / Lives-Sur-Meuse / Loyers,4.929612325648001,50.45894338333333,Namur,Wallonia
5140,Boignée / Ligny / Sombreffe / Tongrinne,4.603557625,50.513713675,Namur,Wallonia
5150,Floreffe / Floriffoux / Franière / Soye,4.747722725,50.443695175,Namur,Wallonia
5170,Arbre / Bois-De-Villers / Lesve / Lustin / Profondeville / Rivière,4.842878933333334,50.37464618333333,Namur,Wallonia
5190,Balâtre / Ham-Sur-Sambre / Jemeppe-Sur-Sambre / Mornimont / Moustier-Sur-Sambre / Onoz / Saint-Martin / Spy,4.673379412655088,50.475213618750004,Namur,Wallonia
5300,Andenne / Bonneville / Coutisse / Landenne / Maizeret / Namêche / Sclayn / Seilles / Thon / Vezin,5.04265796,50.481892949999995,Namur,Wallonia
5310,Aische-En-Refail / Bolinne / Boneffe / Branchon / Dhuy / Eghezée / Hanret / Leuze / Liernu / Longchamps / Mehaigne / Noville-Sur-Méhaigne / Saint-Germain / Taviers / Upigny / Waret-La-Chaussée,4.89802028125,50.58859616875,Namur,Wallonia
5330,Assesse / Maillen / Sart-Bernard,4.981331699999999,50.3843757,Namur,Wallonia
5332,Crupet,4.9581149,50.3468626,Namur,Wallonia
5333,Sorinne-La-Longue,5.0294375,50.3896858,Namur,Wallonia
5334,Florée,5.0704373,50.3730757,Namur,Wallonia
5336,Courrière,4.9845433,50.378301,Namur,Wallonia
5340,Faulx-Les-Tombes / Gesves / Haltinne / Mozet / Sorée,5.05634522,50.424564999999994,Namur,Wallonia
5350,Evelette / Ohey,5.14763995,50.4247419,Namur,Wallonia
5351,Haillot,5.1491871,50.4405961,Namur,Wallonia
5353,Goesnes,5.2217845,50.440101,Namur,Wallonia
5354,Jallet,5.1821601,50.4432621,Namur,Wallonia
5360,Hamois / Natoye,5.1078323999999995,50.34111265,Namur,Wallonia
5361,Mohiville / Scy,5.2008844,50.3127925,Namur,Wallonia
5362,Achet,5.1751963,50.3334777,Namur,Wallonia
5363,Emptinne,5.1212547,50.3253905,Namur,Wallonia
5364,Schaltin,5.1237159,50.3579006,Namur,Wallonia
5370,Barvaux-Condroz / Flostoy / Havelange / Jeneffe / Porcheresse / Verlée,5.241737866666667,50.36114881666666,Namur,Wallonia
5372,Méan,5.333856,50.3619241,Namur,Wallonia
5374,Maffe,5.3125869,50.3533462,Namur,Wallonia
5376,Miécret,5.24941,50.365689,Namur,Wallonia
5377,Baillonville / Bonsin / Heure / Hogne / Nettinne / Noiseux / Sinsin / Somme-Leuze / Waillet,5.317929188888889,50.29624695555556,Namur,Wallonia
5380,Bierwart / Cortil-Wodon / Fernelmont / Forville / Franc-Waret / Hemptinne / Hingeon / Marchovelette / Noville-Les-Bois / Pontillas / Tillier,4.984436381818182,50.55162450909091,Namur,Wallonia
5500,Anseremme / Bouvignes-Sur-Meuse / Dinant / Dréhance / Falmagne / Falmignoul / Furfooz,4.915089971428571,50.233650328571436,Namur,Wallonia
5501,Lisogne,4.9715412,50.2814293,Namur,Wallonia
5502,Thynes,4.9882689,50.2798224,Namur,Wallonia
5503,Sorinnes,4.982409,50.260159,Namur,Wallonia
5504,Foy-Notre-Dame,4.9897127,50.2471757,Namur,Wallonia
5520,Anthée / Onhaye,4.800633700000001,50.24154805,Namur,Wallonia
5521,Serville,4.7806526,50.2500754,Namur,Wallonia
5522,Falaen,4.793357,50.2782156,Namur,Wallonia
5523,Sommière / Weillen,4.83500435,50.26729425,Namur,Wallonia
5524,Gerin,4.8158102,50.2452911,Namur,Wallonia
5530,Dorinne / Durnal / Evrehailles / Godinne / Houx / Mont / Purnode / Spontin / Yvoir,5.029948766666667,50.34743653333334,Namur,Wallonia
5537,Anhée / Annevoie-Rouillon / Bioul / Denée / Haut-Le-Wastia / Sosoye / Warnant,4.818548428571428,50.31858827142857,Namur,Wallonia
5540,Hastière / Hastière-Lavaux / Hermeton-Sur-Meuse / Waulsort,4.832240146800125,50.2034735,Namur,Wallonia
5541,Hastière-Par-Delà,4.8294854,50.2150767,Namur,Wallonia
5542,Blaimont,4.8352693,50.192216,Namur,Wallonia
5543,Heer,4.831747,50.161698,Namur,Wallonia
5544,Agimont,4.7942801,50.16421,Namur,Wallonia
5550,Alle / Bagimont / Bohan / Chairière / Laforet / Membre / Mouzaive / Nafraiture / Orchimont / Pussemange / Sugny / Vresse-Sur-Semois,4.918862375,49.856421825000005,Namur,Wallonia
5555,Baillamont / Bellefontaine / Bièvre / Cornimont / Graide / Gros-Fays / Monceau-En-Ardenne / Naomé / Oizy / Petit-Fays,5.011713739999999,49.90641665,Namur,Wallonia
5560,Ciergnon / Finnevaux / Houyet / Hulsonniaux / Mesnil-Eglise / Mesnil-Saint-Blaise,4.972539133333333,50.17453448333333,Namur,Wallonia
5561,Celles,5.0058339,50.2312617,Namur,Wallonia
5562,Custinne,5.0484175,50.2117661,Namur,Wallonia
5563,Hour,5.0372408,50.1613066,Namur,Wallonia
5564,Wanlin,5.061512,50.1593381,Namur,Wallonia
5570,Baronville / Beauraing / Dion / Felenne / Feschaux / Honnay / Javingue / Vonêche / Wancennes / Winenne,4.93176747,50.099301409999995,Namur,Wallonia
5571,Wiesme,4.9767431,50.1487792,Namur,Wallonia
5572,Focant,5.0408552,50.1314538,Namur,Wallonia
5573,Martouzin-Neuville,5.003949,50.1176141,Namur,Wallonia
5574,Pondrôme,5.008842,50.099609,Namur,Wallonia
5575,Bourseigne-Neuve / Bourseigne-Vieille / Gedinne / Houdremont / Louette-Saint-Denis / Louette-Saint-Pierre / Malvoisin / Patignies / Rienne / Sart-Custinne / Vencimont / Willerzie,4.914792025,49.99276354166667,Namur,Wallonia
5576,Froidfontaine,5.000634,50.0604028,Namur,Wallonia
5580,Ave-Et-Auffe / Buissonville / Eprave / Han-Sur-Lesse / Jemelle / Lessive / Mont-Gauthier / Rochefort / Villers-Sur-Lesse / Wavreille,5.1798135446396305,50.154785255,Namur,Wallonia
5590,Achêne / Braibant / Chevetogne / Ciney / Conneux / Haversin / Leignon / Pessoux / Serinchamps / Sovet,5.11446732,50.26807614,Namur,Wallonia
5600,Fagnolle / Franchimont / Jamagne / Jamiolle / Merlemont / Neuville / Omezée / Philippeville / Roly / Romedenne / Samart / Sart-En-Fagne / Sautour / Surice / Villers-En-Fagne / Villers-Le-Gambon / Vodecée,4.662219394117647,50.18842734705883,Namur,Wallonia
5620,Corenne / Flavion / Florennes / Hemptinne-Lez-Florennes / Morville / Rosée / Saint-Aubin,4.652621699999999,50.24192765714286,Namur,Wallonia
5621,Hanzinelle / Hanzinne / Morialmé,4.5558942,50.293699366666665,Namur,Wallonia
5630,Cerfontaine / Daussois / Senzeille / Silenrieux / Soumoy / Villers-Deux-Eglises,4.4439971,50.194734600000004,Namur,Wallonia
5640,Biesme / Biesmerée / Graux / Mettet / Oret / Saint-Gérard,4.67030545,50.32092925,Namur,Wallonia
5641,Furnaux,4.7055271,50.3080016,Namur,Wallonia
5644,Ermeton-Sur-Biert,4.7197934,50.2975439,Namur,Wallonia
5646,Stave,4.6590441,50.2828212,Namur,Wallonia
5650,Castillon / Chastrès / Clermont / Fontenelle / Fraire / Pry / Vogenée / Walcourt / Yves-Gomezée,4.426094533333333,50.2542944,Namur,Wallonia
5651,Berzée / Gourdinne / Laneffe / Rognée / Somzée / Tarcienne / Thy-Le-Château,4.4501719571428575,50.287997957142856,Namur,Wallonia
5660,Aublain / Boussu-En-Fagne / Brûly / Brûly-De-Pesche / Couvin / Cul-Des-Sarts / Dailly / Frasnes / Gonrieux / Mariembourg / Pesche / Petigny / Petite-Chapelle / Presgaux,4.473653057142857,50.033731692857145,Namur,Wallonia
5670,Dourbes / Le Mesnil / Mazée / Nismes / Oignies-En-Thiérache / Olloy-Sur-Viroin / Treignes / Vierves-Sur-Viroin / Viroinval,4.631702211111111,50.06869012222222,Namur,Wallonia
5680,Doische / Gimnée / Gochenée / Matagne-La-Grande / Matagne-La-Petite / Niverlée / Romerée / Soulme / Vaucelles / Vodelée,4.70793759,50.14109625,Namur,Wallonia
6000,Charleroi,4.4491649999234,50.41571025,Hainaut,Wallonia
6001,Marcinelle,4.4442531,50.3977245,Hainaut,Wallonia
6010,Couillet,4.468631,50.391219,Hainaut,Wallonia
6020,Dampremy,4.4322464,50.4186181,Hainaut,Wallonia
6030,Goutroux / Marchienne-Au-Pont,4.3786005573644005,50.411777224999994,Hainaut,Wallonia
6031,Monceau-Sur-Sambre,4.382402,50.4170168,Hainaut,Wallonia
6032,Mont-Sur-Marchienne,4.4046365,50.3902046,Hainaut,Wallonia
6040,Jumet,4.4360232749854,50.44466065,Hainaut,Wallonia
6041,Gosselies,4.4301757,50.4653846,Hainaut,Wallonia
6042,Lodelinsart,4.4489421,50.431853,Hainaut,Wallonia
6043,Ransart,4.481573078145,50.45615655,Hainaut,Wallonia
6044,Roux,4.3907758274107,50.4415002,Hainaut,Wallonia
6060,Gilly,4.485649013438,50.4269705,Hainaut,Wallonia
6061,Montignies-Sur-Sambre,4.4729234863084,50.4109216,Hainaut,Wallonia
6110,Montigny-Le-Tilleul,4.3602314806535,50.369072045553,Hainaut,Wallonia
6111,Landelies,4.3496404,50.377822,Hainaut,Wallonia
6120,Cour-Sur-Heure / Ham-Sur-Heure / Jamioulx / Marbaix / Nalinnes,4.4013334,50.324817159999995,Hainaut,Wallonia
6140,Fontaine-L'evêque,4.3239637925238,50.411224661019,Hainaut,Wallonia
6141,Forchies-La-Marche,4.3198191,50.4383794,Hainaut,Wallonia
6142,Leernes,4.3307851,50.3974398,Hainaut,Wallonia
6150,Anderlues,4.2696102,50.4079969,Hainaut,Wallonia
6180,Courcelles,4.3763406,50.4601576,Hainaut,Wallonia
6181,Gouy-Lez-Piéton,4.3287132,50.4875628,Hainaut,Wallonia
6182,Souvret,4.350827,50.450999,Hainaut,Wallonia
6183,Trazegnies,4.3317415,50.4665295,Hainaut,Wallonia
6200,Bouffioulx / Châtelet / Châtelineau,4.519159999999999,50.40347143333333,Hainaut,Wallonia
6210,Frasnes-Lez-Gosselies / Les Bons Villers / Rèves / Villers-Perwin / Wayaux,4.44631871579298,50.526432549999996,Hainaut,Wallonia
6211,Mellet,4.4782005997401,50.50462075,Hainaut,Wallonia
6220,Fleurus / Heppignies / Lambusart / Wangenies,4.52880780743965,50.47151245,Hainaut,Wallonia
6221,Saint-Amand,4.5319238043004,50.5111679,Hainaut,Wallonia
6222,Brye,4.561356496071,50.53007005,Hainaut,Wallonia
6223,Wagnelée,4.5273110200086,50.52262195,Hainaut,Wallonia
6224,Wanfercée-Baulet,4.5816274059151,50.47584335,Hainaut,Wallonia
6230,Buzet / Obaix / Pont-À-Celles / Thiméon / Viesville,4.38148953523864,50.51051276,Hainaut,Wallonia
6238,Liberchies / Luttre,4.40663240310905,50.514902774999996,Hainaut,Wallonia
6240,Farciennes / Pironchamps,4.5395485,50.427958000000004,Hainaut,Wallonia
6250,Aiseau / Aiseau-Presles / Pont-De-Loup / Presles / Roselies,4.5737264,50.40978784,Hainaut,Wallonia
6280,Acoz / Gerpinnes / Gougnies / Joncret / Loverval / Villers-Poterie,4.5284515999999995,50.3550285,Hainaut,Wallonia
6440,Boussu-Lez-Walcourt / Fourbechies / Froidchapelle / Vergnies,4.3315661,50.185678925,Hainaut,Wallonia
6441,Erpion,4.3512321,50.2118893,Hainaut,Wallonia
6460,Bailièvre / Chimay / Robechies / Saint-Remy / Salles / Villers-La-Tour,4.2756373000000005,50.05528963333333,Hainaut,Wallonia
6461,Virelles,4.3329805,50.0648008,Hainaut,Wallonia
6462,Vaulx-Lez-Chimay,4.363579,50.061113,Hainaut,Wallonia
6463,Lompret,4.3790041,50.0642146,Hainaut,Wallonia
6464,Baileux / Bourlers / Forges / L'escaillère / Rièzes,4.3675809999999995,49.99757208,Hainaut,Wallonia
6470,Grandrieu / Montbliart / Rance / Sautin / Sivry / Sivry-Rance,4.210739016666667,50.162281650000004,Hainaut,Wallonia
6500,Barbençon / Beaumont / Leugnies / Leval-Chaudeville / Renlies / Solre-Saint-Géry / Thirimont,4.242735585714286,50.22611198571428,Hainaut,Wallonia
6511,Strée,4.2980462,50.2766332,Hainaut,Wallonia
6530,Leers-Et-Fosteau / Thuin,4.26590725,50.3219517,Hainaut,Wallonia
6531,Biesme-Sous-Thuin,4.3079897,50.320724,Hainaut,Wallonia
6532,Ragnies,4.2837674,50.3081977,Hainaut,Wallonia
6533,Biercée,4.2591396,50.3250862,Hainaut,Wallonia
6534,Gozée,4.3515595,50.3332279,Hainaut,Wallonia
6536,Donstiennes / Thuillies,4.32050305,50.29007355,Hainaut,Wallonia
6540,Lobbes / Mont-Sainte-Geneviève,4.2516133,50.361320250000006,Hainaut,Wallonia
6542,Sars-La-Buissière,4.209803,50.3352549,Hainaut,Wallonia
6543,Bienne-Lez-Happart,4.2155807,50.3512087,Hainaut,Wallonia
6560,Bersillies-L'abbaye / Erquelinnes / Grand-Reng / Hantes-Wihéries / Montignies-Saint-Christophe / Solre-Sur-Sambre,4.1449192833333335,50.29937988333333,Hainaut,Wallonia
6567,Fontaine-Valmont / Labuissière / Merbes-Le-Château / Merbes-Sainte-Marie,4.186028,50.328395475,Hainaut,Wallonia
6590,Momignies,4.1649981,50.0286317,Hainaut,Wallonia
6591,Macon,4.2096331,50.052122,Hainaut,Wallonia
6592,Monceau-Imbrechies,4.224118,50.036452,Hainaut,Wallonia
6593,Macquenoise,4.1802891,49.9755399,Hainaut,Wallonia
6594,Beauwelz,4.156972,50.015365,Hainaut,Wallonia
6596,Forge-Philippe / Seloignes,4.25384155,49.9907585,Hainaut,Wallonia
6600,Bastogne / Longvilly / Noville / Villers-La-Bonne-Eau / Wardin,5.76947916,50.00317986,Luxembourg,Wallonia
6630,Martelange,5.7376366,49.8313323,Luxembourg,Wallonia
6637,Fauvillers / Hollange / Tintange,5.7016763,49.8786739,Luxembourg,Wallonia
6640,Hompré / Morhet / Nives / Sibret / Vaux-Lez-Rosières / Vaux-Sur-Sûre,5.6114089766163,49.933986588204164,Luxembourg,Wallonia
6642,Juseret,5.5493342,49.8805193,Luxembourg,Wallonia
6660,Houffalize / Nadrin,5.7347185,50.1467795,Luxembourg,Wallonia
6661,Mont / Tailles,5.7678548,50.38068095,Luxembourg,Wallonia
6662,Tavigny,5.837773,50.1081487,Luxembourg,Wallonia
6663,Mabompré,5.7384527,50.098929,Luxembourg,Wallonia
6666,Wibrin,5.7156009,50.1661182,Luxembourg,Wallonia
6670,Gouvy / Limerlé,5.94715369935915,50.1758224,Luxembourg,Wallonia
6671,Bovigny,5.9182421,50.2244199,Luxembourg,Wallonia
6672,Beho,5.9972692,50.220365,Luxembourg,Wallonia
6673,Cherain,5.8646609,50.1806741,Luxembourg,Wallonia
6674,Montleban,5.8288862,50.1876021,Luxembourg,Wallonia
6680,Amberloup / Sainte-Ode / Tillet,5.527192933333333,50.025126066666665,Luxembourg,Wallonia
6681,Lavacherie,5.5136455,50.052317,Luxembourg,Wallonia
6686,Flamierge,5.6038758,50.0333519,Luxembourg,Wallonia
6687,Bertogne,5.6675577,50.0842908,Luxembourg,Wallonia
6688,Longchamps,5.6892466,50.0535428,Luxembourg,Wallonia
6690,Bihain / Vielsalm,5.86261295,50.263696499999995,Luxembourg,Wallonia
6692,Petit-Thier,5.9672766,50.3074461,Luxembourg,Wallonia
6698,Grand-Halleux,5.9072517,50.3262753,Luxembourg,Wallonia
6700,Arlon / Bonnert / Heinsch / Toernich,5.78922995,49.686380975000006,Luxembourg,Wallonia
6704,Guirsch,5.853381,49.7193575,Luxembourg,Wallonia
6706,Autelbas,5.8675666,49.6499559,Luxembourg,Wallonia
6717,Attert / Nobressart / Nothomb / Thiaumont / Tontelange,5.7662277799999995,49.7411631,Luxembourg,Wallonia
6720,Habay / Habay-La-Neuve / Hachy,5.641381977505801,49.721912383333326,Luxembourg,Wallonia
6721,Anlier,5.620414,49.772082,Luxembourg,Wallonia
6723,Habay-La-Vieille,5.6225107,49.7228424,Luxembourg,Wallonia
6724,Houdemont / Rulles,5.57122485,49.71850285,Luxembourg,Wallonia
6730,Bellefontaine / Rossignol / Saint-Vincent / Tintigny,5.494296425,49.685807825,Luxembourg,Wallonia
6740,Etalle / Sainte-Marie-Sur-Semois / Villers-Sur-Semois,5.574732166666667,49.68163836666667,Luxembourg,Wallonia
6741,Vance,5.6698138,49.6701655,Luxembourg,Wallonia
6742,Chantemelle,5.6551334,49.6535106,Luxembourg,Wallonia
6743,Buzenol,5.5942184,49.6478969,Luxembourg,Wallonia
6747,Châtillon / Meix-Le-Tige / Saint-Léger,5.6913404666666665,49.618072033333334,Luxembourg,Wallonia
6750,Musson / Mussy-La-Ville / Signeulx,5.669325633333333,49.560784766666664,Luxembourg,Wallonia
6760,Bleid / Ethe / Ruette / Virton,5.58268085,49.563715349999995,Luxembourg,Wallonia
6761,Latour,5.5704642,49.5581925,Luxembourg,Wallonia
6762,Saint-Mard,5.5284511,49.5577562,Luxembourg,Wallonia
6767,Dampicourt / Harnoncourt / Lamorteau / Rouvroy / Torgny,5.4880727,49.53267484,Luxembourg,Wallonia
6769,Gérouville / Meix-Devant-Virton / Robelmont / Sommethonne / Villers-La-Loue,5.4688531,49.594154579999994,Luxembourg,Wallonia
6780,Hondelange / Messancy / Wolkrange,5.8167494,49.62235966666666,Luxembourg,Wallonia
6781,Sélange,5.848409,49.6081105,Luxembourg,Wallonia
6782,Habergy,5.7608307,49.6153377,Luxembourg,Wallonia
6790,Aubange,5.804352,49.5675296,Luxembourg,Wallonia
6791,Athus,5.8317661,49.5642065,Luxembourg,Wallonia
6792,Halanzy / Rachecourt,5.7335305000000005,49.57467445,Luxembourg,Wallonia
6800,Bras / Freux / Libramont-Chevigny / Moircy / Recogne / Remagne / Saint-Pierre / Sainte-Marie-Chevigny,5.4234488375000005,49.9465196375,Luxembourg,Wallonia
6810,Chiny / Izel / Jamoigne,5.378227633333334,49.709458633333334,Luxembourg,Wallonia
6811,Les Bulles,5.4263273,49.7031011,Luxembourg,Wallonia
6812,Suxy,5.4005563,49.7626877,Luxembourg,Wallonia
6813,Termes,5.4579753,49.7071328,Luxembourg,Wallonia
6820,Florenville / Fontenoille / Muno / Sainte-Cécile,5.2408572,49.715362925,Luxembourg,Wallonia
6821,Lacuisine,5.318262,49.7170106,Luxembourg,Wallonia
6823,Villers-Devant-Orval,5.331466,49.6185771,Luxembourg,Wallonia
6824,Chassepierre,5.2621817,49.7076905,Luxembourg,Wallonia
6830,Bouillon / Les Hayons / Poupehan / Rochehaut,5.055876975,49.815083075000004,Luxembourg,Wallonia
6831,Noirfontaine,5.412251,50.6175774,Luxembourg,Wallonia
6832,Sensenruth,5.0738804,49.8254037,Luxembourg,Wallonia
6833,Ucimont / Vivy,5.048133999999999,49.84949885,Luxembourg,Wallonia
6834,Bellevaux,6.0129575,50.3912772,Luxembourg,Wallonia
6836,Dohan,5.1418578,49.7973741,Luxembourg,Wallonia
6838,Corbion,5.0065337,49.7976297,Luxembourg,Wallonia
6840,Grandvoir / Grapfontaine / Hamipré / Longlier / Neufchâteau / Tournay,5.4212751,49.8444676,Luxembourg,Wallonia
6850,Carlsbourg / Offagne / Paliseul,5.13099,49.89461980000001,Luxembourg,Wallonia
6851,Nollevaux,5.1220764,49.8710591,Luxembourg,Wallonia
6852,Maissin / Opont,5.15035135,49.949981,Luxembourg,Wallonia
6853,Framont,5.1601932,49.9185629,Luxembourg,Wallonia
6856,Fays-Les-Veneurs,5.1607144,49.8662058,Luxembourg,Wallonia
6860,Assenois / Ebly / Léglise / Mellier / Witry,5.5340733214724,49.816062220000006,Luxembourg,Wallonia
6870,Arville / Awenne / Hatrival / Mirwart / Saint-Hubert / Vesqueville,5.334503683333334,50.033317399999994,Luxembourg,Wallonia
6880,Auby-Sur-Semois / Bertrix / Cugnon / Jehonville / Orgeo,5.22861898,49.84265516000001,Luxembourg,Wallonia
6887,Herbeumont / Saint-Médard / Straimont,5.3155526,49.797862,Luxembourg,Wallonia
6890,Anloy / Libin / Ochamps / Redu / Smuid / Transinne / Villance,5.229695,49.97904444285714,Luxembourg,Wallonia
6900,Aye / Hargimont / Humain / Marche-En-Famenne / On / Roy / Waha,5.320106985714285,50.200964500000005,Luxembourg,Wallonia
6920,Sohier / Wellin,5.09246115,50.0754426,Luxembourg,Wallonia
6921,Chanly,5.1559991,50.0786533,Luxembourg,Wallonia
6922,Halma,5.1374206,50.0754135,Luxembourg,Wallonia
6924,Lomprez,5.092143,50.0762474,Luxembourg,Wallonia
6927,Bure / Grupont / Resteigne / Tellin,5.2339039,50.086185,Luxembourg,Wallonia
6929,Daverdisse / Gembes / Haut-Fays / Porcheresse,5.071330775,49.999876425,Luxembourg,Wallonia
6940,Durbuy / Grandhan / Septon / Wéris,5.454674775,50.3415161,Luxembourg,Wallonia
6941,Bende / Bomal-Sur-Ourthe / Borlon / Heyd / Izier / Tohogne / Villers-Sainte-Gertrude,5.505823457142857,50.37804608571429,Luxembourg,Wallonia
6950,Harsin / Nassogne,5.3465534,50.151595549999996,Luxembourg,Wallonia
6951,Bande,5.4154822,50.1665822,Luxembourg,Wallonia
6952,Grune,5.3828952,50.1549918,Luxembourg,Wallonia
6953,Ambly / Forrières / Lesterny / Masbourg,5.298016425,50.12549975,Luxembourg,Wallonia
6960,Dochamps / Grandmenil / Harre / Malempré / Manhay / Odeigne / Vaux-Chavanne,5.6735647714285715,50.28732258571428,Luxembourg,Wallonia
6970,Tenneville,5.5242133,50.091248,Luxembourg,Wallonia
6971,Champlon,5.5034047,50.1077503,Luxembourg,Wallonia
6972,Erneuville,5.5507905,50.1137831,Luxembourg,Wallonia
6980,Beausaint / La Roche-En-Ardenne,5.561704343949749,50.176619011537,Luxembourg,Wallonia
6982,Samrée,5.6394828,50.209256,Luxembourg,Wallonia
6983,Ortho,5.6138065,50.1249111,Luxembourg,Wallonia
6984,Hives,5.5783344,50.1506704,Luxembourg,Wallonia
6986,Halleux,5.5020384,50.1717133,Luxembourg,Wallonia
6987,Beffe / Hodister / Marcourt / Rendeux,5.512409775,50.2234191,Luxembourg,Wallonia
6990,Fronville / Hampteau / Hotton / Marenne,5.439485475,50.26571735,Luxembourg,Wallonia
6997,Amonines / Erezée / Mormont / Soy,5.586469375,50.247498225,Luxembourg,Wallonia
7000,Mons,3.951958,50.4549568,Hainaut,Wallonia
7011,Ghlin,3.903746,50.4760502,Hainaut,Wallonia
7012,Flénu / Jemappes,3.88863865,50.44258955,Hainaut,Wallonia
7020,Maisières / Nimy,3.9586762,50.483044,Hainaut,Wallonia
7021,Havre,4.0453329,50.4643434,Hainaut,Wallonia
7022,Harmignies / Harveng / Hyon / Mesvin / Nouvelles,3.97924102,50.416045579999995,Hainaut,Wallonia
7024,Ciply,3.9438349,50.4193042,Hainaut,Wallonia
7030,Saint-Symphorien,4.012574,50.4366253,Hainaut,Wallonia
7031,Villers-Saint-Ghislain,4.0389071,50.4312421,Hainaut,Wallonia
7032,Spiennes,3.9868957,50.4254505,Hainaut,Wallonia
7033,Cuesmes,3.9206652,50.436171,Hainaut,Wallonia
7034,Obourg / Saint-Denis,4.01220095,50.48403805,Hainaut,Wallonia
7040,Asquillies / Aulnois / Blaregnies / Bougnies / Genly / Goegnies-Chaussée / Quévy / Quévy-Le-Grand / Quévy-Le-Petit,3.9321324666666673,50.368623355555556,Hainaut,Wallonia
7041,Givry / Havay,4.0067564,50.370334150000005,Hainaut,Wallonia
7050,Erbaut / Erbisoeul / Herchies / Jurbise / Masnuy-Saint-Jean / Masnuy-Saint-Pierre,3.90862565,50.529566450000004,Hainaut,Wallonia
7060,Horrues / Soignies,4.0573022,50.593437699999996,Hainaut,Wallonia
7061,Casteau / Thieusies,4.02604355,50.5140605,Hainaut,Wallonia
7062,Naast,4.1011662,50.5536883,Hainaut,Wallonia
7063,Chaussée-Notre-Dame-Louvignies / Neufvilles,4.0004453,50.58023405,Hainaut,Wallonia
7070,Gottignies / Le Roeulx / Mignault / Thieu / Ville-Sur-Haine,4.09686322,50.49598272,Hainaut,Wallonia
7080,Eugies / Frameries / La Bouverie / Noirchain / Sars-La-Bruyère,3.89253614,50.39622998,Hainaut,Wallonia
7090,Braine-Le-Comte / Hennuyères / Henripont / Petit-Roeulx-Lez-Braine / Ronquières / Steenkerque,4.147176483333333,50.621074300000004,Hainaut,Wallonia
7100,Haine-Saint-Paul / Haine-Saint-Pierre / La Louvière / Saint-Vaast / Trivières,4.1763183,50.45868486,Hainaut,Wallonia
7110,Boussoit / Houdeng-Aimeries / Houdeng-Goegnies / Maurage / Strépy-Bracquegnies,4.1221320200000005,50.47251862,Hainaut,Wallonia
7120,Croix-Lez-Rouveroy / Estinnes / Estinnes-Au-Mont / Estinnes-Au-Val / Fauroeulx / Haulchin / Peissant / Rouveroy / Vellereille-Le-Sec / Vellereille-Les-Brayeux,4.09603933,50.38076815,Hainaut,Wallonia
7130,Battignies / Binche / Bray,4.1470733053317,50.419775982028334,Hainaut,Wallonia
7131,Waudrez,4.150981,50.4137808,Hainaut,Wallonia
7133,Buvrinnes,4.2055425,50.3897538,Hainaut,Wallonia
7134,Epinois / Leval-Trahegnies / Péronnes-Lez-Binche / Ressaix,4.191084125,50.4204384,Hainaut,Wallonia
7140,Morlanwelz / Morlanwelz-Mariemont,4.2481326,50.45272345,Hainaut,Wallonia
7141,Carnières / Mont-Sainte-Aldegonde,4.24414265,50.43621385,Hainaut,Wallonia
7160,Chapelle-Lez-Herlaimont / Godarville / Piéton,4.288478733333334,50.46945706666667,Hainaut,Wallonia
7170,Bellecourt / Bois-D'haine / Fayt-Lez-Manage / La Hestre / Manage,4.23362068,50.4907933,Hainaut,Wallonia
7180,Seneffe,4.2664609240834,50.52505545,Hainaut,Wallonia
7181,Arquennes / Familleureux / Feluy / Petit-Roeulx-Lez-Nivelles,4.262240944452451,50.55276195,Hainaut,Wallonia
7190,Ecaussinnes / Ecaussinnes-D'enghien / Marche-Lez-Ecaussinnes,4.178720266666667,50.56266256666667,Hainaut,Wallonia
7191,Ecaussinnes-Lalaing,4.1785518,50.5703563,Hainaut,Wallonia
7300,Boussu,3.7960902,50.4331253,Hainaut,Wallonia
7301,Hornu,3.8276077,50.4337613,Hainaut,Wallonia
7320,Bernissart,3.6504677,50.475502,Hainaut,Wallonia
7321,Blaton / Harchies,3.6773876999999997,50.49030845,Hainaut,Wallonia
7322,Pommeroeul / Ville-Pommeroeul,3.7205895499999997,50.4663921,Hainaut,Wallonia
7330,Saint-Ghislain,3.8214781396442,50.448359502766,Hainaut,Wallonia
7331,Baudour,3.8327577,50.4814352,Hainaut,Wallonia
7332,Neufmaison / Sirault,3.7899893000000002,50.5182632,Hainaut,Wallonia
7333,Tertre,3.8081735,50.4673149,Hainaut,Wallonia
7334,Hautrage / Villerot,3.7776413,50.48427465,Hainaut,Wallonia
7340,Colfontaine / Paturages / Warquignies / Wasmes,3.8458267,50.40843975,Hainaut,Wallonia
7350,Hainin / Hensies / Montroeul-Sur-Haine / Thulin,3.72345805,50.4323186,Hainaut,Wallonia
7370,Blaugies / Dour / Elouges / Wihéries,3.772512575,50.3899616,Hainaut,Wallonia
7380,Baisieux / Quiévrain,3.6888549,50.398182899999995,Hainaut,Wallonia
7382,Audregnies,3.7177788,50.3830135,Hainaut,Wallonia
7387,Angre / Angreau / Athis / Autreppe / Erquennes / Fayt-Le-Franc / Honnelles / Marchipont / Montignies-Sur-Roc / Onnezies / Roisin,3.7274207545454545,50.35811594545455,Hainaut,Wallonia
7390,Quaregnon / Wasmuel,3.8551845,50.443953699999994,Hainaut,Wallonia
7500,Ere / Saint-Maur / Tournai,3.3823464666666667,50.58668283333333,Hainaut,Wallonia
7501,Orcq,3.3492864,50.6049549,Hainaut,Wallonia
7502,Esplechin,3.3038112,50.5743852,Hainaut,Wallonia
7503,Froyennes,3.3569842,50.6195489,Hainaut,Wallonia
7504,Froidmont,3.3287795,50.57792,Hainaut,Wallonia
7506,Willemeau,3.350025,50.573981,Hainaut,Wallonia
7520,Ramegnies-Chin / Templeuve,3.3092473499999997,50.648100299999996,Hainaut,Wallonia
7521,Chercq,3.4212542,50.5885516,Hainaut,Wallonia
7522,Blandain / Hertain / Lamain / Marquain,3.30181805,50.611305925,Hainaut,Wallonia
7530,Gaurain-Ramecroix,3.4834445,50.5924891,Hainaut,Wallonia
7531,Havinnes,3.4655917,50.6156953,Hainaut,Wallonia
7532,Beclers,3.5028761,50.6217774,Hainaut,Wallonia
7533,Thimougies,3.5102508,50.6349458,Hainaut,Wallonia
7534,Barry / Maulde,3.5457286999999997,50.602253450000006,Hainaut,Wallonia
7536,Vaulx,3.426172,50.589889,Hainaut,Wallonia
7538,Vezon,3.5017888,50.5683976,Hainaut,Wallonia
7540,Kain / Melles / Quartes / Rumillies,3.4530197,50.638721025,Hainaut,Wallonia
7542,Mont-Saint-Aubert,3.4000171,50.6554352,Hainaut,Wallonia
7543,Mourcourt,3.445164,50.6530409,Hainaut,Wallonia
7548,Warchin,3.4267528,50.6096187,Hainaut,Wallonia
7600,Péruwelz,3.5908864,50.5097897,Hainaut,Wallonia
7601,Roucourt,3.5870901,50.529165,Hainaut,Wallonia
7602,Bury,3.59458,50.5426384,Hainaut,Wallonia
7603,Bon-Secours,3.607483,50.4976184,Hainaut,Wallonia
7604,Baugnies / Braffe / Brasmenil / Callenelle / Wasmes-Audemez-Briffoeil,3.54859122,50.547872319999996,Hainaut,Wallonia
7608,Wiers,3.533035,50.508665,Hainaut,Wallonia
7610,Rumes,3.3039251,50.5557678,Hainaut,Wallonia
7611,La Glanerie,3.3010202,50.5298416,Hainaut,Wallonia
7618,Taintignies,3.3416855,50.5502028,Hainaut,Wallonia
7620,Bléharies / Brunehaut / Guignies / Hollain / Jollain-Merlin / Wez-Velvain,3.3968759576052,50.53551149166666,Hainaut,Wallonia
7621,Lesdain,3.3880963285681,50.520291,Hainaut,Wallonia
7622,Laplaigne,3.4418587625525,50.52296155,Hainaut,Wallonia
7623,Rongy,3.3815632027097,50.50665205,Hainaut,Wallonia
7624,Howardries,3.3541900391658,50.5170287,Hainaut,Wallonia
7640,Antoing / Maubray / Péronnes-Lez-Antoing,3.4690480000000004,50.55642793333334,Hainaut,Wallonia
7641,Bruyelle,3.426992,50.557403,Hainaut,Wallonia
7642,Calonne,3.4371661,50.578325,Hainaut,Wallonia
7643,Fontenoy,3.473373,50.567887,Hainaut,Wallonia
7700,Luingne / Mouscron,3.2242017499999998,50.74097685,Hainaut,Wallonia
7711,Dottignies,3.3037301,50.7273981,Hainaut,Wallonia
7712,Herseaux,3.2342044,50.7227127,Hainaut,Wallonia
7730,Bailleul / Estaimbourg / Estaimpuis / Evregnies / Leers-Nord / Néchin / Saint-Léger,3.2916597,50.69010394285714,Hainaut,Wallonia
7740,Pecq / Warcoing,3.34297385,50.6938945,Hainaut,Wallonia
7742,Hérinnes-Lez-Pecq,3.3623581,50.7008798,Hainaut,Wallonia
7743,Esquelmes / Obigies,3.35603,50.663566,Hainaut,Wallonia
7750,Amougies / Anseroeul / Mont-De-L'enclus / Orroir / Russeignies,3.5101815000000003,50.74195248,Hainaut,Wallonia
7760,Celles / Escanaffles / Molenbaix / Popuelles / Pottes / Velaines,3.4576866833333333,50.70371731666666,Hainaut,Wallonia
7780,Comines / Comines-Warneton,3.0002868908534,50.76996806037,Hainaut,Wallonia
7781,Houthem,2.9640553,50.7868243,Hainaut,Wallonia
7782,Ploegsteert,2.8803139,50.7262204,Hainaut,Wallonia
7783,Bizet,2.88999,50.7060943,Hainaut,Wallonia
7784,Bas-Warneton / Warneton,2.95636145,50.75590425,Hainaut,Wallonia
7800,Ath / Lanquesaint,3.79846712510785,50.6464643496925,Hainaut,Wallonia
7801,Irchonwelz,3.7536768,50.6201619,Hainaut,Wallonia
7802,Ormeignies,3.7516336,50.5947224,Hainaut,Wallonia
7803,Bouvignies,3.7677307,50.6477056,Hainaut,Wallonia
7804,Ostiches / Rebaix,3.77105815,50.66952445,Hainaut,Wallonia
7810,Maffle,3.8060162,50.615068,Hainaut,Wallonia
7811,Arbre,3.8148309,50.6103517,Hainaut,Wallonia
7812,Houtaing / Ligne / Mainvault / Moulbaix / Villers-Notre-Dame / Villers-Saint-Amand,3.7144014999999997,50.625390683333336,Hainaut,Wallonia
7822,Ghislenghien / Isières / Meslin-L'evêque,3.847360966666667,50.65635366666667,Hainaut,Wallonia
7823,Gibecq,3.8878195,50.637673,Hainaut,Wallonia
7830,Bassilly / Fouleng / Gondregnies / Graty / Hellebecq / Hoves / Silly / Thoricourt,3.94661465,50.6428547125,Hainaut,Wallonia
7850,Enghien / Marcq / Petit-Enghien,4.047544333333334,50.691014833333334,Hainaut,Wallonia
7860,Lessines,3.8301131,50.7123036,Hainaut,Wallonia
7861,Papignies / Wannebecq,3.8094837000000004,50.69011635,Hainaut,Wallonia
7862,Ogy,3.780225,50.7208405,Hainaut,Wallonia
7863,Ghoy,3.8094385,50.7283427,Hainaut,Wallonia
7864,Deux-Acren,3.8522036,50.7307336,Hainaut,Wallonia
7866,Bois-De-Lessines / Ollignies,3.87275395,50.691359000000006,Hainaut,Wallonia
7870,Bauffe / Cambron-Saint-Vincent / Lens / Lombise / Montignies-Lez-Lens,3.9107290200000002,50.5750163,Hainaut,Wallonia
7880,Flobecq,3.7378707,50.7371675,Hainaut,Wallonia
7890,Ellezelles / Lahamaide / Wodecq,3.7164365333333333,50.71576533333333,Hainaut,Wallonia
7900,Grandmetz / Leuze-En-Hainaut,3.625004101319,50.610548690791006,Hainaut,Wallonia
7901,Thieulain,3.6085857,50.6179826,Hainaut,Wallonia
7903,Blicquy / Chapelle-À-Oie / Chapelle-À-Wattines,3.6706103999999997,50.5990311,Hainaut,Wallonia
7904,Pipaix / Tourpes / Willaupuis,3.6097141333333336,50.57406266666666,Hainaut,Wallonia
7906,Gallaix,3.5748349,50.6060715,Hainaut,Wallonia
7910,Anvaing / Arc-Wattripont / Cordes / Ellignies-Lez-Frasnes / Forest / Frasnes-Lez-Anvaing / Wattripont,3.552445742431743,50.694204895880716,Hainaut,Wallonia
7911,Buissenal / Frasnes-Lez-Buissenal / Hacquegnies / Herquegies / Montroeul-Au-Bois / Moustier / Oeudeghien,3.621438871428571,50.65664545714286,Hainaut,Wallonia
7912,Dergneau / Saint-Sauveur,3.5821729500000004,50.70937965,Hainaut,Wallonia
7940,Brugelette / Cambron-Casteau,3.8677025499999997,50.5919925,Hainaut,Wallonia
7941,Attre,3.8410951,50.6102428,Hainaut,Wallonia
7942,Mévergnies-Lez-Lens,3.8507081,50.6044689,Hainaut,Wallonia
7943,Gages,3.8910777,50.6068018,Hainaut,Wallonia
7950,Chièvres / Grosage / Huissignies / Ladeuze / Tongre-Saint-Martin,3.77652292,50.57039692,Hainaut,Wallonia
7951,Tongre-Notre-Dame,3.7748043,50.581313,Hainaut,Wallonia
7970,Beloeil,3.7361279,50.5479197,Hainaut,Wallonia
7971,Basècles / Ramegnies / Thumaide / Wadelincourt,3.6402919750000002,50.53715505,Hainaut,Wallonia
7972,Aubechies / Quevaucamps,3.6839452,50.552091950000005,Hainaut,Wallonia
7973,Grandglise / Stambruges,3.70845885,50.50639515,Hainaut,Wallonia
8000,Brugge / Koolkerke,3.22737,51.228351849999996,West Flanders,Flanders
8020,Hertsberge / Oostkamp / Ruddervoorde / Waardamme,3.233678496008925,51.1145224,West Flanders,Flanders
8200,Sint-Andries / Sint-Michiels,3.1930888075964,51.188385425,West Flanders,Flanders
8210,Loppem / Veldegem / Zedelgem,3.165550475979067,51.13205859999999,West Flanders,Flanders
8211,Aartrijke,3.0913265545139,51.1180002,West Flanders,Flanders
8300,Knokke / Knokke-Heist / Westkapelle,3.3036245768132004,51.33660565,West Flanders,Flanders
8301,Ramskapelle,3.2505004,51.3126954,West Flanders,Flanders
8310,Assebroek / Sint-Kruis,3.2538646701001497,51.203761,West Flanders,Flanders
8340,Damme / Hoeke / Lapscheure / Moerkerke / Oostkerke / Sijsele,3.3270945963020666,51.259845000000006,West Flanders,Flanders
8370,Blankenberge / Uitkerke,3.1351223067514002,51.308104125,West Flanders,Flanders
8377,Houtave / Meetkerke / Nieuwmunster / Zuienkerke,3.1275788965997,51.254704575,West Flanders,Flanders
8380,Dudzele / Lissewege / Zeebrugge,3.2120981052088333,51.30774735,West Flanders,Flanders
8400,Oostende / Stene / Zandvoorde,2.9357373063089334,51.2124373,West Flanders,Flanders
8420,De Haan / Klemskerke / Wenduine,3.0405272236546335,51.26200293333333,West Flanders,Flanders
8421,Vlissegem,3.0635598193415,51.2641695,West Flanders,Flanders
8430,Middelkerke,2.8063401225473,51.18331695,West Flanders,Flanders
8431,Wilskerke,2.8401373,51.1809498,West Flanders,Flanders
8432,Leffinge,2.8776766,51.1746761,West Flanders,Flanders
8433,Mannekensvere / Schore / Sint-Pieters-Kapelle / Slijpe,2.848039255144325,51.128527625000004,West Flanders,Flanders
8434,Lombardsijde / Westende,2.76636884957925,51.15617725,West Flanders,Flanders
8450,Bredene,2.9725769468284,51.23890495,West Flanders,Flanders
8460,Ettelgem / Oudenburg / Roksem / Westkerke,3.0206581134614003,51.1821540625,West Flanders,Flanders
8470,Gistel / Moere / Snaaskerke / Zevekote,2.9396662212186753,51.1511650375,West Flanders,Flanders
8480,Bekegem / Eernegem / Ichtegem,3.036992265927134,51.12149611666666,West Flanders,Flanders
8490,Jabbeke / Snellegem / Stalhille / Varsenare / Zerkegem,3.0967335183135,51.190066869999995,West Flanders,Flanders
8500,Kortrijk,3.2784153903743,50.81788085,West Flanders,Flanders
8501,Bissegem / Heule,3.23333639031055,50.8369981,West Flanders,Flanders
8510,Bellegem / Kooigem / Marke / Rollegem,3.2740523545109,50.7742972875,West Flanders,Flanders
8511,Aalbeke,3.2186046321991,50.77745545,West Flanders,Flanders
8520,Kuurne,3.2736322150643,50.86005145,West Flanders,Flanders
8530,Harelbeke,3.3425511,50.8293249,West Flanders,Flanders
8531,Bavikhove / Hulste,3.3058158922399503,50.88055645,West Flanders,Flanders
8540,Deerlijk,3.3622790229139,50.83878495,West Flanders,Flanders
8550,Zwevegem,3.3419067426276,50.80406995,West Flanders,Flanders
8551,Heestert,3.4120184,50.7821543,West Flanders,Flanders
8552,Moen,3.3825263241918,50.775415,West Flanders,Flanders
8553,Otegem,3.4245499365566,50.80927585,West Flanders,Flanders
8554,Sint-Denijs,3.349745322203,50.76440175,West Flanders,Flanders
8560,Gullegem / Moorsele / Wevelgem,3.1813307660507335,50.8332106,West Flanders,Flanders
8570,Anzegem / Gijzelbrechtegem / Ingooigem / Vichte,3.4509540969687,50.834258250000005,West Flanders,Flanders
8572,Kaster,3.4976090001837,50.8121917,West Flanders,Flanders
8573,Tiegem,3.4697738543929,50.8130531,West Flanders,Flanders
8580,Avelgem,3.4468985313677,50.7754997,West Flanders,Flanders
8581,Kerkhove / Waarmaarde,3.49565868309935,50.795610350000004,West Flanders,Flanders
8582,Outrijve,3.4257331809137,50.75868715,West Flanders,Flanders
8583,Bossuit,3.4080819304802,50.74804505,West Flanders,Flanders
8587,Espierres / Espierres-Helchin / Helchin,3.3589261101891332,50.72712086666667,West Flanders,Flanders
8600,Beerst / Diksmuide / Driekapellen / Esen / Kaaskerke / Keiem / Lampernisse / Leke / Nieuwkapelle / Oostkerke / Oudekapelle / Pervijze / Stuivekenskerke / Vladslo / Woumen,2.920540252833127,51.023513343333335,West Flanders,Flanders
8610,Handzame / Kortemark / Werken / Zarren,2.990917987926,51.026955125,West Flanders,Flanders
8620,Nieuwpoort / Ramskapelle / Sint-Joris,2.762552500728633,51.12694526666667,West Flanders,Flanders
8630,Avekapelle / Booitshoeke / Bulskamp / De Moeren / Eggewaartskapelle / Houtem / Steenkerke / Veurne / Vinkem / Wulveringem / Zoutenaaie,2.6788001647044637,51.04608222272727,West Flanders,Flanders
8640,Oostvleteren / Vleteren / Westvleteren / Woesten,2.74687964369735,50.916802537500004,West Flanders,Flanders
8647,Lo / Lo-Reninge / Noordschote / Pollinkhove / Reninge,2.76876532993484,50.96406957000001,West Flanders,Flanders
8650,Houthulst / Klerken / Merkem,2.9109806420592004,50.975531233333335,West Flanders,Flanders
8660,Adinkerke / De Panne,2.58513626314265,51.081820449999995,West Flanders,Flanders
8670,Koksijde / Oostduinkerke / Wulpen,2.6813075048822337,51.110740066666665,West Flanders,Flanders
8680,Bovekerke / Koekelare / Zande,2.9500651956995667,51.088276150000006,West Flanders,Flanders
8690,Alveringem / Hoogstade / Oeren / Sint-Rijkers,2.701553977568175,51.0033055625,West Flanders,Flanders
8691,Gijverinkhove / Izenberge / Leisele / Stavele,2.657327612167525,50.9725399,West Flanders,Flanders
8700,Aarsele / Kanegem / Schuiferskapelle / Tielt,3.371820547533325,51.0139034,West Flanders,Flanders
8710,Ooigem / Sint-Baafs-Vijve / Wielsbeke,3.359051555378033,50.910307683333336,West Flanders,Flanders
8720,Dentergem / Markegem / Oeselgem / Wakken,3.4068343806141748,50.9477991625,West Flanders,Flanders
8730,Beernem / Oedelem / Sint-Joris,3.3410807898036,51.13961831666666,West Flanders,Flanders
8740,Egem / Pittem,3.2581682436071002,51.010460325,West Flanders,Flanders
8750,Wingene / Zwevezele,3.24507200011915,51.055157225,West Flanders,Flanders
8755,Ruiselede,3.3789495803068,51.062755,West Flanders,Flanders
8760,Meulebeke,3.2859605761212,50.9484788,West Flanders,Flanders
8770,Ingelmunster,3.2617189739329,50.92196635,West Flanders,Flanders
8780,Oostrozebeke,3.3468206372996,50.93434535,West Flanders,Flanders
8790,Waregem,3.4257380400092,50.87620025,West Flanders,Flanders
8791,Beveren,3.3427472358752,50.871701,West Flanders,Flanders
8792,Desselgem,3.3669119563274,50.88302825,West Flanders,Flanders
8793,Sint-Eloois-Vijve,3.4036062,50.9057236,West Flanders,Flanders
8800,Beveren / Oekene / Roeselare / Rumbeke,3.138500946419075,50.9331498875,West Flanders,Flanders
8810,Lichtervelde,3.1422717715338,51.03033065,West Flanders,Flanders
8820,Torhout,3.0913072045454,51.0585915,West Flanders,Flanders
8830,Gits / Hooglede,3.0895250630364,50.989885875,West Flanders,Flanders
8840,Oostnieuwkerke / Staden / Westrozebeke,3.0250172741915002,50.94836376666666,West Flanders,Flanders
8850,Ardooie,3.2045936674459,50.97076545,West Flanders,Flanders
8851,Koolskamp,3.2016142835313,51.0075272,West Flanders,Flanders
8860,Lendelede,3.2320134658174,50.8850661,West Flanders,Flanders
8870,Emelgem / Izegem / Kachtem,3.206463582438033,50.92912203333333,West Flanders,Flanders
8880,Ledegem / Rollegem-Kapelle / Sint-Eloois-Winkel,3.1492663613023666,50.8718488,West Flanders,Flanders
8890,Dadizele / Moorslede,3.0894370865127,50.8684992,West Flanders,Flanders
8900,Brielen / Dikkebus / Ieper / Sint-Jan,2.8684495378033,50.8511302,West Flanders,Flanders
8902,Hollebeke / Voormezele / Zillebeke,2.9121849333333336,50.819094,West Flanders,Flanders
8904,Boezinge / Zuidschote,2.8455104261991,50.903128075,West Flanders,Flanders
8906,Elverdinge,2.8086072093094,50.88120105,West Flanders,Flanders
8908,Vlamertinge,2.8146596555515,50.84722495,West Flanders,Flanders
8920,Bikschote / Langemark / Langemark-Poelkapelle / Poelkapelle,2.91810152736045,50.918808375,West Flanders,Flanders
8930,Lauwe / Menen / Rekkem,3.1584793210017996,50.78671845,West Flanders,Flanders
8940,Geluwe / Wervik,3.0559445765883,50.813376775,West Flanders,Flanders
8950,Heuvelland / Nieuwkerke,2.83546955551955,50.756693625,West Flanders,Flanders
8951,Dranouter,2.7832991,50.7662832,West Flanders,Flanders
8952,Wulvergem,2.840869239241,50.7675035,West Flanders,Flanders
8953,Wijtschate,2.9126192876216,50.7832683,West Flanders,Flanders
8954,Westouter,2.7409610507934,50.8003371,West Flanders,Flanders
8956,Kemmel,2.8383675286243,50.7952131,West Flanders,Flanders
8957,Messines,2.9001214234264,50.7596526,West Flanders,Flanders
8958,Loker,2.7797309731213,50.78372855,West Flanders,Flanders
8970,Poperinge / Reningelst,2.7429310819385497,50.830336125,West Flanders,Flanders
8972,Krombeke / Proven / Roesbrugge-Haringe,2.6511507589477668,50.90332403333334,West Flanders,Flanders
8978,Watou,2.6449117149406,50.84518645,West Flanders,Flanders
8980,Beselare / Geluveld / Passendale / Zandvoorde / Zonnebeke,2.9991036813268996,50.85440122,West Flanders,Flanders
9000,Gent,3.7141549000597,51.0397129,East Flanders,Flanders
9030,Mariakerke,3.6781210300259,51.0731177,East Flanders,Flanders
9031,Drongen,3.6395168043236,51.0528944,East Flanders,Flanders
9032,Wondelgem,3.7034612746567,51.09349535,East Flanders,Flanders
9040,Sint-Amandsberg,3.7488657,51.061875,East Flanders,Flanders
9041,Oostakker,3.7644128,51.1001986,East Flanders,Flanders
9042,Desteldonk / Mendonk / Sint-Kruis-Winkel,3.8097288666666667,51.14103253333334,East Flanders,Flanders
9050,Gentbrugge / Ledeberg,3.75014505,51.04096445,East Flanders,Flanders
9051,Afsnee / Sint-Denijs-Westrem,3.6626091431927996,51.0249697,East Flanders,Flanders
9052,Zwijnaarde,3.7021790930106,51.00092235,East Flanders,Flanders
9060,Zelzate,3.8105002,51.2000036,East Flanders,Flanders
9070,Destelbergen / Heusden,3.7991117,51.04217725,East Flanders,Flanders
9080,Beervelde / Lochristi / Zaffelare / Zeveneken,3.86664775,51.104905125,East Flanders,Flanders
9090,Gontrode / Melle,3.7982628,50.99364025,East Flanders,Flanders
9100,Nieuwkerken-Waas / Sint-Niklaas,4.163746110362,51.178601930036,East Flanders,Flanders
9111,Belsele,4.0917750185456,51.1570236,East Flanders,Flanders
9112,Sinaai-Waas,3.9795579,51.1866966,East Flanders,Flanders
9120,Haasdonk / Kallo / Melsele / Vrasene,4.243427141040225,51.22153255,East Flanders,Flanders
9130,Doel / Kallo / Kieldrecht / Verrebroek,4.227297520698825,51.28201165,East Flanders,Flanders
9140,Elversele / Steendorp / Temse / Tielrode,4.19936128640205,51.128857075,East Flanders,Flanders
9150,Bazel / Kruibeke / Rupelmonde,4.295708816885834,51.148818416666664,East Flanders,Flanders
9160,Daknam / Eksaarde / Lokeren,3.9790593953201334,51.12698755,East Flanders,Flanders
9170,De Klinge / Meerdonk / Sint-Gillis-Waas / Sint-Pauwels,4.116483394896925,51.231835275,East Flanders,Flanders
9180,Moerbeke-Waas,3.9446436,51.1742698,East Flanders,Flanders
9185,Wachtebeke,3.8574284,51.1701927,East Flanders,Flanders
9190,Kemzeke / Stekene,4.0505724766065505,51.2084986,East Flanders,Flanders
9200,Appels / Baasrode / Dendermonde / Grembergen / Mespelare / Oudegem / Schoonaarde / Sint-Gillis-Dendermonde,4.082683350911,51.02241724375,East Flanders,Flanders
9220,Hamme / Moerzeke,4.1394382102086,51.074996525,East Flanders,Flanders
9230,Massemen / Westrem / Wetteren,3.8735161,50.98586673333333,East Flanders,Flanders
9240,Zele,4.0385864,51.0683621,East Flanders,Flanders
9250,Waasmunster,4.0842158,51.1097147,East Flanders,Flanders
9255,Buggenhout / Opdorp,4.20709124582975,51.019957000000005,East Flanders,Flanders
9260,Schellebelle / Serskamp / Wichelen,3.9465806054971,51.00076921666667,East Flanders,Flanders
9270,Kalken / Laarne,3.8845209,51.03333515,East Flanders,Flanders
9280,Denderbelle / Lebbeke / Wieze,4.108131800938833,50.99338816666667,East Flanders,Flanders
9290,Berlare / Overmere / Uitbergen,3.9774125648692995,51.036244716666666,East Flanders,Flanders
9300,Aalst,4.0396424203486,50.9429755,East Flanders,Flanders
9308,Gijzegem / Hofstade,4.03561239392115,50.975010275,East Flanders,Flanders
9310,Baardegem / Herdersem / Meldert / Moorsel,4.110883908549825,50.9541627375,East Flanders,Flanders
9320,Erembodegem / Nieuwerkerken,4.0317292571336,50.919179924999995,East Flanders,Flanders
9340,Impe / Lede / Oordegem / Smetlede / Wanzele,3.94315304,50.96484944,East Flanders,Flanders
9400,Appelterre-Eichem / Denderwindeke / Lieferinge / Nederhasselt / Ninove / Okegem / Voorde,4.006518158787329,50.8247392,East Flanders,Flanders
9401,Pollare,3.9969451,50.8168641,East Flanders,Flanders
9402,Meerbeke,4.0458501718008,50.81972985,East Flanders,Flanders
9403,Neigem,4.0606636,50.803005,East Flanders,Flanders
9404,Aspelare,3.9584406,50.8421637,East Flanders,Flanders
9406,Outer,3.9976558921405,50.84658595,East Flanders,Flanders
9420,Aaigem / Bambrugge / Burst / Erondegem / Erpe / Erpe-Mere / Mere / Ottergem,3.8835688624999998,50.93893625,East Flanders,Flanders
9450,Denderhoutem / Haaltert / Heldergem,3.9888355865501666,50.8873288,East Flanders,Flanders
9451,Kerksken,3.9792346670559,50.88457295,East Flanders,Flanders
9470,Denderleeuw,4.0665468327116,50.8843903,East Flanders,Flanders
9472,Iddergem,4.0440509206633,50.8746795,East Flanders,Flanders
9473,Welle,4.0448599,50.9005405,East Flanders,Flanders
9500,Geraardsbergen / Goeferdinge / Moerbeke / Nederboelare / Onkerzele / Ophasselt / Overboelare / Viane / Zarlardinge,3.8831380986551003,50.81729076111111,East Flanders,Flanders
9506,Grimminge / Idegem / Nieuwenhove / Schendelbeke / Smeerebbe-Vloerzegem / Waarbeke / Zandbergen,3.9473850491957285,50.79696186428571,East Flanders,Flanders
9520,Bavegem / Oombergen / Sint-Lievens-Houtem / Vlierzele / Zonnegem,3.8750996532191797,50.9257589,East Flanders,Flanders
9521,Letterhoutem,3.8812597,50.92696,East Flanders,Flanders
9550,Herzele / Hillegem / Sint-Antelinks / Sint-Lievens-Esse / Steenhuize-Wijnhuize / Woubrechtegem,3.8932045139016167,50.86712070833334,East Flanders,Flanders
9551,Ressegem,3.9109808,50.8920791,East Flanders,Flanders
9552,Borsbeke,3.8945771,50.9047179,East Flanders,Flanders
9570,Deftinge / Lierde / Sint-Maria-Lierde,3.834298852751267,50.80771313333333,East Flanders,Flanders
9571,Hemelveerdegem,3.8638783508569,50.8088369,East Flanders,Flanders
9572,Sint-Martens-Lierde,3.8157846440419,50.80452055,East Flanders,Flanders
9600,Renaix,3.6020465,50.7476192,East Flanders,Flanders
9620,Elene / Erwetegem / Godveerdegem / Grotenberge / Leeuwergem / Oombergen / Sint-Goriks-Oudenhove / Sint-Maria-Oudenhove / Strijpen / Velzeke-Ruddershove / Zottegem,3.810636432057818,50.869385018181816,East Flanders,Flanders
9630,Beerlegem / Dikkele / Hundelgem / Meilegem / Munkzwalm / Paulatem / Roborst / Rozebeke / Sint-Blasius-Boekel / Sint-Denijs-Boekel / Sint-Maria-Latem / Zwalm,3.7274779511670832,50.88118829583333,East Flanders,Flanders
9636,Nederzwalm-Hermelgem,3.6879894099711,50.8867594,East Flanders,Flanders
9660,Brakel / Elst / Everbeek / Michelbeke / Nederbrakel / Opbrakel / Sint-Maria-Oudenhove / Zegelsem,3.9866600456415497,50.80066788125,East Flanders,Flanders
9661,Parike,3.799316,50.7849168,East Flanders,Flanders
9667,Horebeke / Sint-Kornelis-Horebeke / Sint-Maria-Horebeke,3.6929089666666663,50.8362803,East Flanders,Flanders
9680,Etikhove / Maarke-Kerkem / Maarkedal,3.6392361333333336,50.80581626666666,East Flanders,Flanders
9681,Nukerke,3.5954667,50.7965606,East Flanders,Flanders
9688,Schorisse,3.6782376,50.8061799,East Flanders,Flanders
9690,Berchem / Kluisbergen / Kwaremont / Ruien / Zulzeke,3.5217199999999997,50.78179188,East Flanders,Flanders
9700,Bevere / Edelare / Eine / Ename / Heurne / Leupegem / Mater / Melden / Mullem / Nederename / Ooike / Oudenaarde / Volkegem / Welden,3.6170174285714287,50.85625186428571,East Flanders,Flanders
9750,Huise / Ouwegem / Zingem,3.6141317666666666,50.90495933333333,East Flanders,Flanders
9770,Kruishoutem,3.5404462768494,50.9200896,East Flanders,Flanders
9771,Nokere,3.5108474,50.8853618,East Flanders,Flanders
9772,Wannegem-Lede,3.5605794173077,50.8902386,East Flanders,Flanders
9790,Elsegem / Moregem / Ooike / Petegem-Aan-De-Schelde / Wortegem / Wortegem-Petegem,3.5419303020251003,50.84645165,East Flanders,Flanders
9800,Astene / Bachte-Maria-Leerne / Deinze / Gottem / Grammene / Meigem / Petegem-Aan-De-Leie / Sint-Martens-Leerne / Vinkt / Wontergem / Zeveren,3.5155468454545455,50.99063282727273,East Flanders,Flanders
9810,Eke / Nazareth,3.61906235,50.95836985,East Flanders,Flanders
9820,Bottelare / Lemberge / Melsen / Merelbeke / Munte / Schelderode,3.7374080166666666,50.96814198333333,East Flanders,Flanders
9830,Sint-Martens-Latem,3.6306291238782,51.0134462,East Flanders,Flanders
9831,Deurle,3.6111658724762,51.0000909,East Flanders,Flanders
9840,De Pinte / Zevergem,3.6719551,50.98554095,East Flanders,Flanders
9850,Hansbeke / Landegem / Merendree / Nevele / Poesele / Vosselare,3.553644676345017,51.051112141666664,East Flanders,Flanders
9860,Balegem / Gijzenzele / Landskouter / Moortsele / Oosterzele / Scheldewindeke,3.7953117333333335,50.951627599999995,East Flanders,Flanders
9870,Machelen / Olsene / Zulte,3.466537466666667,50.9385484,East Flanders,Flanders
9880,Aalter / Lotenhulle / Poeke,3.4409743094140666,51.059789,East Flanders,Flanders
9881,Bellem,3.4994525656039,51.0902776,East Flanders,Flanders
9890,Baaigem / Dikkelvenne / Gavere / Vurste,3.689333575,50.930943075,East Flanders,Flanders
9900,Eeklo,3.5665965,51.1844827,East Flanders,Flanders
9910,Knesselare / Ursel,3.4482220999999997,51.13392855,East Flanders,Flanders
9920,Lovendegem,3.6076129,51.0956807,East Flanders,Flanders
9921,Vinderhoute,3.6412401,51.0876396,East Flanders,Flanders
9930,Zomergem,3.5642436785112,51.1195778,East Flanders,Flanders
9931,Oostwinkel,3.5253176,51.150867,East Flanders,Flanders
9932,Ronsele,3.5532444,51.1303816,East Flanders,Flanders
9940,Ertvelde / Evergem / Kluizen / Sleidinge,3.7166379750000003,51.143695275,East Flanders,Flanders
9950,Waarschoot,3.6061712,51.1515304,East Flanders,Flanders
9960,Assenede,3.7568076657628,51.23004155,East Flanders,Flanders
9961,Boekhoute,3.7059614986083,51.2509311,East Flanders,Flanders
9968,Bassevelde / Oosteeklo,3.6834116000000003,51.212092999999996,East Flanders,Flanders
9970,Kaprijke,3.6219251372375,51.228952,East Flanders,Flanders
9971,Lembeke,3.6346312134542,51.19424,East Flanders,Flanders
9980,Sint-Laureins,3.5374820679851,51.2330483,East Flanders,Flanders
9981,Sint-Margriete,3.5315005565828,51.26767195,East Flanders,Flanders
9982,Sint-Jan-In-Eremo,3.580094,51.2682182,East Flanders,Flanders
9988,Waterland-Oudeman / Watervliet,3.6087653385555,51.283384,East Flanders,Flanders
9990,Maldegem,3.4154538,51.2263133,East Flanders,Flanders
9991,Adegem,3.4858471,51.2035291,East Flanders,Flanders
9992,Middelburg,3.4071425562584,51.25583235,East Flanders,Flanders
